1533374972183644, 0, CLIENT_HANDSHAKE_START
1533374972799355, 1, CLIENT_HANDSHAKE_END
1533374972799441, 4, CLIENT_FETCH_HTML_START
1533374972948021, 5, CLIENT_FETCH_HTML_END
1533374972182820, 8, CLIENT_TCP_CONNECT_START
1533374972183602, 9, CLIENT_TCP_CONNECT_END
1533374973958070, 0, CLIENT_HANDSHAKE_START
1533374974590082, 1, CLIENT_HANDSHAKE_END
1533374974590171, 4, CLIENT_FETCH_HTML_START
1533374974744567, 5, CLIENT_FETCH_HTML_END
1533374973957212, 8, CLIENT_TCP_CONNECT_START
1533374973958045, 9, CLIENT_TCP_CONNECT_END
1533374975754050, 0, CLIENT_HANDSHAKE_START
1533374976378378, 1, CLIENT_HANDSHAKE_END
1533374976378464, 4, CLIENT_FETCH_HTML_START
1533374976521643, 5, CLIENT_FETCH_HTML_END
1533374975753199, 8, CLIENT_TCP_CONNECT_START
1533374975754041, 9, CLIENT_TCP_CONNECT_END
1533374977531027, 0, CLIENT_HANDSHAKE_START
1533374978155611, 1, CLIENT_HANDSHAKE_END
1533374978155697, 4, CLIENT_FETCH_HTML_START
1533374978298343, 5, CLIENT_FETCH_HTML_END
1533374977530220, 8, CLIENT_TCP_CONNECT_START
1533374977531018, 9, CLIENT_TCP_CONNECT_END
1533374979307886, 0, CLIENT_HANDSHAKE_START
1533374979958286, 1, CLIENT_HANDSHAKE_END
1533374979958371, 4, CLIENT_FETCH_HTML_START
1533374980107268, 5, CLIENT_FETCH_HTML_END
1533374979307100, 8, CLIENT_TCP_CONNECT_START
1533374979307877, 9, CLIENT_TCP_CONNECT_END
1533374981116849, 0, CLIENT_HANDSHAKE_START
1533374981790703, 1, CLIENT_HANDSHAKE_END
1533374981790788, 4, CLIENT_FETCH_HTML_START
1533374981944900, 5, CLIENT_FETCH_HTML_END
1533374981116038, 8, CLIENT_TCP_CONNECT_START
1533374981116841, 9, CLIENT_TCP_CONNECT_END
1533374982953927, 0, CLIENT_HANDSHAKE_START
1533374983621634, 1, CLIENT_HANDSHAKE_END
1533374983621718, 4, CLIENT_FETCH_HTML_START
1533374983775740, 5, CLIENT_FETCH_HTML_END
1533374982953143, 8, CLIENT_TCP_CONNECT_START
1533374982953919, 9, CLIENT_TCP_CONNECT_END
1533374984785658, 0, CLIENT_HANDSHAKE_START
1533374985383858, 1, CLIENT_HANDSHAKE_END
1533374985383949, 4, CLIENT_FETCH_HTML_START
1533374985530658, 5, CLIENT_FETCH_HTML_END
1533374984784875, 8, CLIENT_TCP_CONNECT_START
1533374984785650, 9, CLIENT_TCP_CONNECT_END
1533374986539815, 0, CLIENT_HANDSHAKE_START
1533374987096143, 1, CLIENT_HANDSHAKE_END
1533374987096175, 4, CLIENT_FETCH_HTML_START
1533374987230638, 5, CLIENT_FETCH_HTML_END
1533374986539014, 8, CLIENT_TCP_CONNECT_START
1533374986539807, 9, CLIENT_TCP_CONNECT_END
1533374988235740, 0, CLIENT_HANDSHAKE_START
1533374988901641, 1, CLIENT_HANDSHAKE_END
1533374988901730, 4, CLIENT_FETCH_HTML_START
1533374989055361, 5, CLIENT_FETCH_HTML_END
1533374988234897, 8, CLIENT_TCP_CONNECT_START
1533374988235729, 9, CLIENT_TCP_CONNECT_END
1533374990064730, 0, CLIENT_HANDSHAKE_START
1533374990729476, 1, CLIENT_HANDSHAKE_END
1533374990729566, 4, CLIENT_FETCH_HTML_START
1533374990882740, 5, CLIENT_FETCH_HTML_END
1533374990063927, 8, CLIENT_TCP_CONNECT_START
1533374990064722, 9, CLIENT_TCP_CONNECT_END
1533374991892433, 0, CLIENT_HANDSHAKE_START
1533374992447281, 1, CLIENT_HANDSHAKE_END
1533374992447358, 4, CLIENT_FETCH_HTML_START
1533374992582718, 5, CLIENT_FETCH_HTML_END
1533374991891716, 8, CLIENT_TCP_CONNECT_START
1533374991892424, 9, CLIENT_TCP_CONNECT_END
1533374993592454, 0, CLIENT_HANDSHAKE_START
1533374994173368, 1, CLIENT_HANDSHAKE_END
1533374994173453, 4, CLIENT_FETCH_HTML_START
1533374994314969, 5, CLIENT_FETCH_HTML_END
1533374993591710, 8, CLIENT_TCP_CONNECT_START
1533374993592446, 9, CLIENT_TCP_CONNECT_END
1533374995320120, 0, CLIENT_HANDSHAKE_START
1533374995993836, 1, CLIENT_HANDSHAKE_END
1533374995993923, 4, CLIENT_FETCH_HTML_START
1533374996147427, 5, CLIENT_FETCH_HTML_END
1533374995319286, 8, CLIENT_TCP_CONNECT_START
1533374995320106, 9, CLIENT_TCP_CONNECT_END
1533374997156611, 0, CLIENT_HANDSHAKE_START
1533374997743183, 1, CLIENT_HANDSHAKE_END
1533374997743267, 4, CLIENT_FETCH_HTML_START
1533374997886241, 5, CLIENT_FETCH_HTML_END
1533374997155798, 8, CLIENT_TCP_CONNECT_START
1533374997156603, 9, CLIENT_TCP_CONNECT_END
1533374998895530, 0, CLIENT_HANDSHAKE_START
1533374999466607, 1, CLIENT_HANDSHAKE_END
1533374999466695, 4, CLIENT_FETCH_HTML_START
1533374999604093, 5, CLIENT_FETCH_HTML_END
1533374998894716, 8, CLIENT_TCP_CONNECT_START
1533374998895521, 9, CLIENT_TCP_CONNECT_END
1533375000613482, 0, CLIENT_HANDSHAKE_START
1533375001158611, 1, CLIENT_HANDSHAKE_END
1533375001158660, 4, CLIENT_FETCH_HTML_START
1533375001291610, 5, CLIENT_FETCH_HTML_END
1533375000612664, 8, CLIENT_TCP_CONNECT_START
1533375000613474, 9, CLIENT_TCP_CONNECT_END
1533375002301350, 0, CLIENT_HANDSHAKE_START
1533375002969687, 1, CLIENT_HANDSHAKE_END
1533375002969766, 4, CLIENT_FETCH_HTML_START
1533375003123418, 5, CLIENT_FETCH_HTML_END
1533375002300547, 8, CLIENT_TCP_CONNECT_START
1533375002301341, 9, CLIENT_TCP_CONNECT_END
1533375004132846, 0, CLIENT_HANDSHAKE_START
1533375004801715, 1, CLIENT_HANDSHAKE_END
1533375004801799, 4, CLIENT_FETCH_HTML_START
1533375004955516, 5, CLIENT_FETCH_HTML_END
1533375004131959, 8, CLIENT_TCP_CONNECT_START
1533375004132817, 9, CLIENT_TCP_CONNECT_END
1533375005965218, 0, CLIENT_HANDSHAKE_START
1533375006575213, 1, CLIENT_HANDSHAKE_END
1533375006575302, 4, CLIENT_FETCH_HTML_START
1533375006714156, 5, CLIENT_FETCH_HTML_END
1533375005964452, 8, CLIENT_TCP_CONNECT_START
1533375005965209, 9, CLIENT_TCP_CONNECT_END
1533375007723468, 0, CLIENT_HANDSHAKE_START
1533375008328875, 1, CLIENT_HANDSHAKE_END
1533375008328961, 4, CLIENT_FETCH_HTML_START
1533375008467198, 5, CLIENT_FETCH_HTML_END
1533375007722611, 8, CLIENT_TCP_CONNECT_START
1533375007723443, 9, CLIENT_TCP_CONNECT_END
1533375009476365, 0, CLIENT_HANDSHAKE_START
1533375010108391, 1, CLIENT_HANDSHAKE_END
1533375010108479, 4, CLIENT_FETCH_HTML_START
1533375010262692, 5, CLIENT_FETCH_HTML_END
1533375009475521, 8, CLIENT_TCP_CONNECT_START
1533375009476357, 9, CLIENT_TCP_CONNECT_END
1533375011272201, 0, CLIENT_HANDSHAKE_START
1533375011875727, 1, CLIENT_HANDSHAKE_END
1533375011875814, 4, CLIENT_FETCH_HTML_START
1533375012023192, 5, CLIENT_FETCH_HTML_END
1533375011271371, 8, CLIENT_TCP_CONNECT_START
1533375011272193, 9, CLIENT_TCP_CONNECT_END
1533375013032238, 0, CLIENT_HANDSHAKE_START
1533375013644022, 1, CLIENT_HANDSHAKE_END
1533375013644105, 4, CLIENT_FETCH_HTML_START
1533375013793475, 5, CLIENT_FETCH_HTML_END
1533375013031469, 8, CLIENT_TCP_CONNECT_START
1533375013032229, 9, CLIENT_TCP_CONNECT_END
1533375014803614, 0, CLIENT_HANDSHAKE_START
1533375015396183, 1, CLIENT_HANDSHAKE_END
1533375015396295, 4, CLIENT_FETCH_HTML_START
1533375015531260, 5, CLIENT_FETCH_HTML_END
1533375014802798, 8, CLIENT_TCP_CONNECT_START
1533375014803575, 9, CLIENT_TCP_CONNECT_END
1533375016536679, 0, CLIENT_HANDSHAKE_START
1533375017206278, 1, CLIENT_HANDSHAKE_END
1533375017206367, 4, CLIENT_FETCH_HTML_START
1533375017360383, 5, CLIENT_FETCH_HTML_END
1533375016535885, 8, CLIENT_TCP_CONNECT_START
1533375016536668, 9, CLIENT_TCP_CONNECT_END
1533375018370031, 0, CLIENT_HANDSHAKE_START
1533375019049490, 1, CLIENT_HANDSHAKE_END
1533375019049570, 4, CLIENT_FETCH_HTML_START
1533375019204462, 5, CLIENT_FETCH_HTML_END
1533375018369181, 8, CLIENT_TCP_CONNECT_START
1533375018370023, 9, CLIENT_TCP_CONNECT_END
1533375020214053, 0, CLIENT_HANDSHAKE_START
1533375020795851, 1, CLIENT_HANDSHAKE_END
1533375020795941, 4, CLIENT_FETCH_HTML_START
1533375020937670, 5, CLIENT_FETCH_HTML_END
1533375020213186, 8, CLIENT_TCP_CONNECT_START
1533375020214044, 9, CLIENT_TCP_CONNECT_END
1533375021946965, 0, CLIENT_HANDSHAKE_START
1533375022566829, 1, CLIENT_HANDSHAKE_END
1533375022566918, 4, CLIENT_FETCH_HTML_START
1533375022708848, 5, CLIENT_FETCH_HTML_END
1533375021946193, 8, CLIENT_TCP_CONNECT_START
1533375021946956, 9, CLIENT_TCP_CONNECT_END
1533375023718019, 0, CLIENT_HANDSHAKE_START
1533375024326391, 1, CLIENT_HANDSHAKE_END
1533375024326480, 4, CLIENT_FETCH_HTML_START
1533375024474762, 5, CLIENT_FETCH_HTML_END
1533375023717206, 8, CLIENT_TCP_CONNECT_START
1533375023718010, 9, CLIENT_TCP_CONNECT_END
1533375025483972, 0, CLIENT_HANDSHAKE_START
1533375026158308, 1, CLIENT_HANDSHAKE_END
1533375026158397, 4, CLIENT_FETCH_HTML_START
1533375026312192, 5, CLIENT_FETCH_HTML_END
1533375025483177, 8, CLIENT_TCP_CONNECT_START
1533375025483963, 9, CLIENT_TCP_CONNECT_END
1533375027321829, 0, CLIENT_HANDSHAKE_START
1533375027917761, 1, CLIENT_HANDSHAKE_END
1533375027917847, 4, CLIENT_FETCH_HTML_START
1533375028063379, 5, CLIENT_FETCH_HTML_END
1533375027321006, 8, CLIENT_TCP_CONNECT_START
1533375027321821, 9, CLIENT_TCP_CONNECT_END
1533375029072816, 0, CLIENT_HANDSHAKE_START
1533375029716763, 1, CLIENT_HANDSHAKE_END
1533375029716846, 4, CLIENT_FETCH_HTML_START
1533375029874221, 5, CLIENT_FETCH_HTML_END
1533375029072028, 8, CLIENT_TCP_CONNECT_START
1533375029072808, 9, CLIENT_TCP_CONNECT_END
1533375030883748, 0, CLIENT_HANDSHAKE_START
1533375031538929, 1, CLIENT_HANDSHAKE_END
1533375031538976, 4, CLIENT_FETCH_HTML_START
1533375031691307, 5, CLIENT_FETCH_HTML_END
1533375030882946, 8, CLIENT_TCP_CONNECT_START
1533375030883740, 9, CLIENT_TCP_CONNECT_END
1533375032700700, 0, CLIENT_HANDSHAKE_START
1533375033319100, 1, CLIENT_HANDSHAKE_END
1533375033319190, 4, CLIENT_FETCH_HTML_START
1533375033469648, 5, CLIENT_FETCH_HTML_END
1533375032699911, 8, CLIENT_TCP_CONNECT_START
1533375032700691, 9, CLIENT_TCP_CONNECT_END
1533375034478704, 0, CLIENT_HANDSHAKE_START
1533375035150383, 1, CLIENT_HANDSHAKE_END
1533375035150468, 4, CLIENT_FETCH_HTML_START
1533375035304607, 5, CLIENT_FETCH_HTML_END
1533375034477982, 8, CLIENT_TCP_CONNECT_START
1533375034478695, 9, CLIENT_TCP_CONNECT_END
1533375036313691, 0, CLIENT_HANDSHAKE_START
1533375036946565, 1, CLIENT_HANDSHAKE_END
1533375036946651, 4, CLIENT_FETCH_HTML_START
1533375037100569, 5, CLIENT_FETCH_HTML_END
1533375036312909, 8, CLIENT_TCP_CONNECT_START
1533375036313683, 9, CLIENT_TCP_CONNECT_END
1533375038110696, 0, CLIENT_HANDSHAKE_START
1533375038738999, 1, CLIENT_HANDSHAKE_END
1533375038739087, 4, CLIENT_FETCH_HTML_START
1533375038882897, 5, CLIENT_FETCH_HTML_END
1533375038109888, 8, CLIENT_TCP_CONNECT_START
1533375038110658, 9, CLIENT_TCP_CONNECT_END
1533375039892486, 0, CLIENT_HANDSHAKE_START
1533375040458842, 1, CLIENT_HANDSHAKE_END
1533375040458935, 4, CLIENT_FETCH_HTML_START
1533375040596534, 5, CLIENT_FETCH_HTML_END
1533375039891780, 8, CLIENT_TCP_CONNECT_START
1533375039892478, 9, CLIENT_TCP_CONNECT_END
1533375041601697, 0, CLIENT_HANDSHAKE_START
1533375042226353, 1, CLIENT_HANDSHAKE_END
1533375042226436, 4, CLIENT_FETCH_HTML_START
1533375042369925, 5, CLIENT_FETCH_HTML_END
1533375041600904, 8, CLIENT_TCP_CONNECT_START
1533375041601686, 9, CLIENT_TCP_CONNECT_END
1533375043379480, 0, CLIENT_HANDSHAKE_START
1533375043984118, 1, CLIENT_HANDSHAKE_END
1533375043984206, 4, CLIENT_FETCH_HTML_START
1533375044131914, 5, CLIENT_FETCH_HTML_END
1533375043378654, 8, CLIENT_TCP_CONNECT_START
1533375043379472, 9, CLIENT_TCP_CONNECT_END
1533375045141438, 0, CLIENT_HANDSHAKE_START
1533375045778419, 1, CLIENT_HANDSHAKE_END
1533375045778505, 4, CLIENT_FETCH_HTML_START
1533375045924917, 5, CLIENT_FETCH_HTML_END
1533375045140646, 8, CLIENT_TCP_CONNECT_START
1533375045141430, 9, CLIENT_TCP_CONNECT_END
1533375046934388, 0, CLIENT_HANDSHAKE_START
1533375047525489, 1, CLIENT_HANDSHAKE_END
1533375047525566, 4, CLIENT_FETCH_HTML_START
1533375047669436, 5, CLIENT_FETCH_HTML_END
1533375046933591, 8, CLIENT_TCP_CONNECT_START
1533375046934379, 9, CLIENT_TCP_CONNECT_END
1533375048679468, 0, CLIENT_HANDSHAKE_START
1533375049300473, 1, CLIENT_HANDSHAKE_END
1533375049300559, 4, CLIENT_FETCH_HTML_START
1533375049452804, 5, CLIENT_FETCH_HTML_END
1533375048678637, 8, CLIENT_TCP_CONNECT_START
1533375048679430, 9, CLIENT_TCP_CONNECT_END
1533375050462381, 0, CLIENT_HANDSHAKE_START
1533375051074358, 1, CLIENT_HANDSHAKE_END
1533375051074396, 4, CLIENT_FETCH_HTML_START
1533375051213992, 5, CLIENT_FETCH_HTML_END
1533375050461510, 8, CLIENT_TCP_CONNECT_START
1533375050462373, 9, CLIENT_TCP_CONNECT_END
1533375052223311, 0, CLIENT_HANDSHAKE_START
1533375052786315, 1, CLIENT_HANDSHAKE_END
1533375052786402, 4, CLIENT_FETCH_HTML_START
1533375052923723, 5, CLIENT_FETCH_HTML_END
1533375052222524, 8, CLIENT_TCP_CONNECT_START
1533375052223303, 9, CLIENT_TCP_CONNECT_END
1533375053933275, 0, CLIENT_HANDSHAKE_START
1533375054490532, 1, CLIENT_HANDSHAKE_END
1533375054490574, 4, CLIENT_FETCH_HTML_START
1533375054626283, 5, CLIENT_FETCH_HTML_END
1533375053932473, 8, CLIENT_TCP_CONNECT_START
1533375053933267, 9, CLIENT_TCP_CONNECT_END
1533375055636090, 0, CLIENT_HANDSHAKE_START
1533375056306395, 1, CLIENT_HANDSHAKE_END
1533375056306440, 4, CLIENT_FETCH_HTML_START
1533375056472404, 5, CLIENT_FETCH_HTML_END
1533375055635297, 8, CLIENT_TCP_CONNECT_START
1533375055636082, 9, CLIENT_TCP_CONNECT_END
1533375057482102, 0, CLIENT_HANDSHAKE_START
1533375058115960, 1, CLIENT_HANDSHAKE_END
1533375058116046, 4, CLIENT_FETCH_HTML_START
1533375058271438, 5, CLIENT_FETCH_HTML_END
1533375057481330, 8, CLIENT_TCP_CONNECT_START
1533375057482093, 9, CLIENT_TCP_CONNECT_END
1533375059281004, 0, CLIENT_HANDSHAKE_START
1533375059848083, 1, CLIENT_HANDSHAKE_END
1533375059848177, 4, CLIENT_FETCH_HTML_START
1533375059986319, 5, CLIENT_FETCH_HTML_END
1533375059280256, 8, CLIENT_TCP_CONNECT_START
1533375059280994, 9, CLIENT_TCP_CONNECT_END
1533375060996001, 0, CLIENT_HANDSHAKE_START
1533375061636645, 1, CLIENT_HANDSHAKE_END
1533375061636730, 4, CLIENT_FETCH_HTML_START
1533375061782690, 5, CLIENT_FETCH_HTML_END
1533375060995203, 8, CLIENT_TCP_CONNECT_START
1533375060995991, 9, CLIENT_TCP_CONNECT_END
1533375062792130, 0, CLIENT_HANDSHAKE_START
1533375063436000, 1, CLIENT_HANDSHAKE_END
1533375063436085, 4, CLIENT_FETCH_HTML_START
1533375063583665, 5, CLIENT_FETCH_HTML_END
1533375062791275, 8, CLIENT_TCP_CONNECT_START
1533375062792120, 9, CLIENT_TCP_CONNECT_END
1533375064593009, 0, CLIENT_HANDSHAKE_START
1533375065220971, 1, CLIENT_HANDSHAKE_END
1533375065221057, 4, CLIENT_FETCH_HTML_START
1533375065374345, 5, CLIENT_FETCH_HTML_END
1533375064592217, 8, CLIENT_TCP_CONNECT_START
1533375064593000, 9, CLIENT_TCP_CONNECT_END
1533375066383914, 0, CLIENT_HANDSHAKE_START
1533375067001223, 1, CLIENT_HANDSHAKE_END
1533375067001311, 4, CLIENT_FETCH_HTML_START
1533375067151762, 5, CLIENT_FETCH_HTML_END
1533375066383121, 8, CLIENT_TCP_CONNECT_START
1533375066383894, 9, CLIENT_TCP_CONNECT_END
1533375068161863, 0, CLIENT_HANDSHAKE_START
1533375068780104, 1, CLIENT_HANDSHAKE_END
1533375068780189, 4, CLIENT_FETCH_HTML_START
1533375068921490, 5, CLIENT_FETCH_HTML_END
1533375068161029, 8, CLIENT_TCP_CONNECT_START
1533375068161826, 9, CLIENT_TCP_CONNECT_END
1533375069930919, 0, CLIENT_HANDSHAKE_START
1533375070554015, 1, CLIENT_HANDSHAKE_END
1533375070554105, 4, CLIENT_FETCH_HTML_START
1533375070696754, 5, CLIENT_FETCH_HTML_END
1533375069930128, 8, CLIENT_TCP_CONNECT_START
1533375069930910, 9, CLIENT_TCP_CONNECT_END
1533375071705955, 0, CLIENT_HANDSHAKE_START
1533375072347586, 1, CLIENT_HANDSHAKE_END
1533375072347673, 4, CLIENT_FETCH_HTML_START
1533375072494942, 5, CLIENT_FETCH_HTML_END
1533375071705131, 8, CLIENT_TCP_CONNECT_START
1533375071705946, 9, CLIENT_TCP_CONNECT_END
1533375073504728, 0, CLIENT_HANDSHAKE_START
1533375074071638, 1, CLIENT_HANDSHAKE_END
1533375074071726, 4, CLIENT_FETCH_HTML_START
1533375074210051, 5, CLIENT_FETCH_HTML_END
1533375073503924, 8, CLIENT_TCP_CONNECT_START
1533375073504720, 9, CLIENT_TCP_CONNECT_END
1533375075219730, 0, CLIENT_HANDSHAKE_START
1533375075811813, 1, CLIENT_HANDSHAKE_END
1533375075811905, 4, CLIENT_FETCH_HTML_START
1533375075946668, 5, CLIENT_FETCH_HTML_END
1533375075218934, 8, CLIENT_TCP_CONNECT_START
1533375075219722, 9, CLIENT_TCP_CONNECT_END
1533375076956538, 0, CLIENT_HANDSHAKE_START
1533375077631223, 1, CLIENT_HANDSHAKE_END
1533375077631310, 4, CLIENT_FETCH_HTML_START
1533375077786811, 5, CLIENT_FETCH_HTML_END
1533375076955787, 8, CLIENT_TCP_CONNECT_START
1533375076956529, 9, CLIENT_TCP_CONNECT_END
1533375078795893, 0, CLIENT_HANDSHAKE_START
1533375079466697, 1, CLIENT_HANDSHAKE_END
1533375079466780, 4, CLIENT_FETCH_HTML_START
1533375079620669, 5, CLIENT_FETCH_HTML_END
1533375078795068, 8, CLIENT_TCP_CONNECT_START
1533375078795881, 9, CLIENT_TCP_CONNECT_END
1533375080630846, 0, CLIENT_HANDSHAKE_START
1533375081213578, 1, CLIENT_HANDSHAKE_END
1533375081213665, 4, CLIENT_FETCH_HTML_START
1533375081355716, 5, CLIENT_FETCH_HTML_END
1533375080629913, 8, CLIENT_TCP_CONNECT_START
1533375080630809, 9, CLIENT_TCP_CONNECT_END
1533375082365536, 0, CLIENT_HANDSHAKE_START
1533375082988902, 1, CLIENT_HANDSHAKE_END
1533375082988989, 4, CLIENT_FETCH_HTML_START
1533375083131546, 5, CLIENT_FETCH_HTML_END
1533375082364690, 8, CLIENT_TCP_CONNECT_START
1533375082365527, 9, CLIENT_TCP_CONNECT_END
1533375084140697, 0, CLIENT_HANDSHAKE_START
1533375084745146, 1, CLIENT_HANDSHAKE_END
1533375084745232, 4, CLIENT_FETCH_HTML_START
1533375084893095, 5, CLIENT_FETCH_HTML_END
1533375084139888, 8, CLIENT_TCP_CONNECT_START
1533375084140689, 9, CLIENT_TCP_CONNECT_END
1533375085898983, 0, CLIENT_HANDSHAKE_START
1533375086463794, 1, CLIENT_HANDSHAKE_END
1533375086463886, 4, CLIENT_FETCH_HTML_START
1533375086601776, 5, CLIENT_FETCH_HTML_END
1533375085898216, 8, CLIENT_TCP_CONNECT_START
1533375085898967, 9, CLIENT_TCP_CONNECT_END
1533375087611454, 0, CLIENT_HANDSHAKE_START
1533375088277952, 1, CLIENT_HANDSHAKE_END
1533375088278043, 4, CLIENT_FETCH_HTML_START
1533375088440967, 5, CLIENT_FETCH_HTML_END
1533375087610647, 8, CLIENT_TCP_CONNECT_START
1533375087611445, 9, CLIENT_TCP_CONNECT_END
1533375089450436, 0, CLIENT_HANDSHAKE_START
1533375090098924, 1, CLIENT_HANDSHAKE_END
1533375090099008, 4, CLIENT_FETCH_HTML_START
1533375090248000, 5, CLIENT_FETCH_HTML_END
1533375089449660, 8, CLIENT_TCP_CONNECT_START
1533375089450427, 9, CLIENT_TCP_CONNECT_END
1533375091257398, 0, CLIENT_HANDSHAKE_START
1533375091851950, 1, CLIENT_HANDSHAKE_END
1533375091852038, 4, CLIENT_FETCH_HTML_START
1533375091988473, 5, CLIENT_FETCH_HTML_END
1533375091256539, 8, CLIENT_TCP_CONNECT_START
1533375091257390, 9, CLIENT_TCP_CONNECT_END
1533375092998325, 0, CLIENT_HANDSHAKE_START
1533375093626960, 1, CLIENT_HANDSHAKE_END
1533375093627046, 4, CLIENT_FETCH_HTML_START
1533375093770552, 5, CLIENT_FETCH_HTML_END
1533375092997483, 8, CLIENT_TCP_CONNECT_START
1533375092998304, 9, CLIENT_TCP_CONNECT_END
1533375094780551, 0, CLIENT_HANDSHAKE_START
1533375095419601, 1, CLIENT_HANDSHAKE_END
1533375095419687, 4, CLIENT_FETCH_HTML_START
1533375095574971, 5, CLIENT_FETCH_HTML_END
1533375094779482, 8, CLIENT_TCP_CONNECT_START
1533375094780542, 9, CLIENT_TCP_CONNECT_END
1533375096583187, 0, CLIENT_HANDSHAKE_START
1533375097232927, 1, CLIENT_HANDSHAKE_END
1533375097233018, 4, CLIENT_FETCH_HTML_START
1533375097381887, 5, CLIENT_FETCH_HTML_END
1533375096582397, 8, CLIENT_TCP_CONNECT_START
1533375096583179, 9, CLIENT_TCP_CONNECT_END
1533375098391227, 0, CLIENT_HANDSHAKE_START
1533375099055479, 1, CLIENT_HANDSHAKE_END
1533375099055561, 4, CLIENT_FETCH_HTML_START
1533375099208071, 5, CLIENT_FETCH_HTML_END
1533375098390464, 8, CLIENT_TCP_CONNECT_START
1533375098391218, 9, CLIENT_TCP_CONNECT_END
1533375100217407, 0, CLIENT_HANDSHAKE_START
1533375100862787, 1, CLIENT_HANDSHAKE_END
1533375100862872, 4, CLIENT_FETCH_HTML_START
1533375101010500, 5, CLIENT_FETCH_HTML_END
1533375100216489, 8, CLIENT_TCP_CONNECT_START
1533375100217398, 9, CLIENT_TCP_CONNECT_END
1533375102020150, 0, CLIENT_HANDSHAKE_START
1533375102633380, 1, CLIENT_HANDSHAKE_END
1533375102633471, 4, CLIENT_FETCH_HTML_START
1533375102782779, 5, CLIENT_FETCH_HTML_END
1533375102019325, 8, CLIENT_TCP_CONNECT_START
1533375102020142, 9, CLIENT_TCP_CONNECT_END
1533375103792165, 0, CLIENT_HANDSHAKE_START
1533375104467913, 1, CLIENT_HANDSHAKE_END
1533375104468002, 4, CLIENT_FETCH_HTML_START
1533375104623225, 5, CLIENT_FETCH_HTML_END
1533375103791360, 8, CLIENT_TCP_CONNECT_START
1533375103792157, 9, CLIENT_TCP_CONNECT_END
1533375105632953, 0, CLIENT_HANDSHAKE_START
1533375106274634, 1, CLIENT_HANDSHAKE_END
1533375106274684, 4, CLIENT_FETCH_HTML_START
1533375106421834, 5, CLIENT_FETCH_HTML_END
1533375105632176, 8, CLIENT_TCP_CONNECT_START
1533375105632945, 9, CLIENT_TCP_CONNECT_END
1533375107431152, 0, CLIENT_HANDSHAKE_START
1533375107985339, 1, CLIENT_HANDSHAKE_END
1533375107985427, 4, CLIENT_FETCH_HTML_START
1533375108120483, 5, CLIENT_FETCH_HTML_END
1533375107430346, 8, CLIENT_TCP_CONNECT_START
1533375107431142, 9, CLIENT_TCP_CONNECT_END
1533375109130009, 0, CLIENT_HANDSHAKE_START
1533375109766651, 1, CLIENT_HANDSHAKE_END
1533375109766739, 4, CLIENT_FETCH_HTML_START
1533375109921930, 5, CLIENT_FETCH_HTML_END
1533375109129215, 8, CLIENT_TCP_CONNECT_START
1533375109129999, 9, CLIENT_TCP_CONNECT_END
1533375110931094, 0, CLIENT_HANDSHAKE_START
1533375111548912, 1, CLIENT_HANDSHAKE_END
1533375111549005, 4, CLIENT_FETCH_HTML_START
1533375111699075, 5, CLIENT_FETCH_HTML_END
1533375110930282, 8, CLIENT_TCP_CONNECT_START
1533375110931086, 9, CLIENT_TCP_CONNECT_END
1533375112709140, 0, CLIENT_HANDSHAKE_START
1533375113277061, 1, CLIENT_HANDSHAKE_END
1533375113277148, 4, CLIENT_FETCH_HTML_START
1533375113415677, 5, CLIENT_FETCH_HTML_END
1533375112708323, 8, CLIENT_TCP_CONNECT_START
1533375112709103, 9, CLIENT_TCP_CONNECT_END
1533375114424995, 0, CLIENT_HANDSHAKE_START
1533375115014589, 1, CLIENT_HANDSHAKE_END
1533375115014674, 4, CLIENT_FETCH_HTML_START
1533375115158498, 5, CLIENT_FETCH_HTML_END
1533375114424213, 8, CLIENT_TCP_CONNECT_START
1533375114424984, 9, CLIENT_TCP_CONNECT_END
1533375116167937, 0, CLIENT_HANDSHAKE_START
1533375116799641, 1, CLIENT_HANDSHAKE_END
1533375116799729, 4, CLIENT_FETCH_HTML_START
1533375116954166, 5, CLIENT_FETCH_HTML_END
1533375116167090, 8, CLIENT_TCP_CONNECT_START
1533375116167928, 9, CLIENT_TCP_CONNECT_END
1533375117963857, 0, CLIENT_HANDSHAKE_START
1533375118609038, 1, CLIENT_HANDSHAKE_END
1533375118609127, 4, CLIENT_FETCH_HTML_START
1533375118757529, 5, CLIENT_FETCH_HTML_END
1533375117962994, 8, CLIENT_TCP_CONNECT_START
1533375117963849, 9, CLIENT_TCP_CONNECT_END
1533375119765719, 0, CLIENT_HANDSHAKE_START
1533375120328091, 1, CLIENT_HANDSHAKE_END
1533375120328176, 4, CLIENT_FETCH_HTML_START
1533375120464521, 5, CLIENT_FETCH_HTML_END
1533375119764912, 8, CLIENT_TCP_CONNECT_START
1533375119765711, 9, CLIENT_TCP_CONNECT_END
1533375121472456, 0, CLIENT_HANDSHAKE_START
1533375122078526, 1, CLIENT_HANDSHAKE_END
1533375122078606, 4, CLIENT_FETCH_HTML_START
1533375122225964, 5, CLIENT_FETCH_HTML_END
1533375121471653, 8, CLIENT_TCP_CONNECT_START
1533375121472443, 9, CLIENT_TCP_CONNECT_END
1533375123233846, 0, CLIENT_HANDSHAKE_START
1533375123856473, 1, CLIENT_HANDSHAKE_END
1533375123856562, 4, CLIENT_FETCH_HTML_START
1533375123997416, 5, CLIENT_FETCH_HTML_END
1533375123233019, 8, CLIENT_TCP_CONNECT_START
1533375123233836, 9, CLIENT_TCP_CONNECT_END
1533375125006701, 0, CLIENT_HANDSHAKE_START
1533375125656866, 1, CLIENT_HANDSHAKE_END
1533375125656953, 4, CLIENT_FETCH_HTML_START
1533375125805943, 5, CLIENT_FETCH_HTML_END
1533375125005928, 8, CLIENT_TCP_CONNECT_START
1533375125006693, 9, CLIENT_TCP_CONNECT_END
1533375126815639, 0, CLIENT_HANDSHAKE_START
1533375127397207, 1, CLIENT_HANDSHAKE_END
1533375127397294, 4, CLIENT_FETCH_HTML_START
1533375127538077, 5, CLIENT_FETCH_HTML_END
1533375126814781, 8, CLIENT_TCP_CONNECT_START
1533375126815630, 9, CLIENT_TCP_CONNECT_END
1533375128547549, 0, CLIENT_HANDSHAKE_START
1533375129135261, 1, CLIENT_HANDSHAKE_END
1533375129135355, 4, CLIENT_FETCH_HTML_START
1533375129278270, 5, CLIENT_FETCH_HTML_END
1533375128546766, 8, CLIENT_TCP_CONNECT_START
1533375128547540, 9, CLIENT_TCP_CONNECT_END
1533375130287581, 0, CLIENT_HANDSHAKE_START
1533375130916963, 1, CLIENT_HANDSHAKE_END
1533375130917047, 4, CLIENT_FETCH_HTML_START
1533375131070768, 5, CLIENT_FETCH_HTML_END
1533375130286804, 8, CLIENT_TCP_CONNECT_START
1533375130287573, 9, CLIENT_TCP_CONNECT_END
1533375132080456, 0, CLIENT_HANDSHAKE_START
1533375132686753, 1, CLIENT_HANDSHAKE_END
1533375132686840, 4, CLIENT_FETCH_HTML_START
1533375132834479, 5, CLIENT_FETCH_HTML_END
1533375132079642, 8, CLIENT_TCP_CONNECT_START
1533375132080448, 9, CLIENT_TCP_CONNECT_END
1533375133844640, 0, CLIENT_HANDSHAKE_START
1533375134445947, 1, CLIENT_HANDSHAKE_END
1533375134446033, 4, CLIENT_FETCH_HTML_START
1533375134583496, 5, CLIENT_FETCH_HTML_END
1533375133843755, 8, CLIENT_TCP_CONNECT_START
1533375133844602, 9, CLIENT_TCP_CONNECT_END
1533375135593306, 0, CLIENT_HANDSHAKE_START
1533375136234378, 1, CLIENT_HANDSHAKE_END
1533375136234461, 4, CLIENT_FETCH_HTML_START
1533375136381822, 5, CLIENT_FETCH_HTML_END
1533375135592520, 8, CLIENT_TCP_CONNECT_START
1533375135593298, 9, CLIENT_TCP_CONNECT_END
1533375137391376, 0, CLIENT_HANDSHAKE_START
1533375137998282, 1, CLIENT_HANDSHAKE_END
1533375137998371, 4, CLIENT_FETCH_HTML_START
1533375138166691, 5, CLIENT_FETCH_HTML_END
1533375137390542, 8, CLIENT_TCP_CONNECT_START
1533375137391368, 9, CLIENT_TCP_CONNECT_END
1533375139176294, 0, CLIENT_HANDSHAKE_START
1533375139826411, 1, CLIENT_HANDSHAKE_END
1533375139826496, 4, CLIENT_FETCH_HTML_START
1533375139975054, 5, CLIENT_FETCH_HTML_END
1533375139175506, 8, CLIENT_TCP_CONNECT_START
1533375139176269, 9, CLIENT_TCP_CONNECT_END
1533375140984297, 0, CLIENT_HANDSHAKE_START
1533375141564675, 1, CLIENT_HANDSHAKE_END
1533375141564756, 4, CLIENT_FETCH_HTML_START
1533375141706743, 5, CLIENT_FETCH_HTML_END
1533375140983571, 8, CLIENT_TCP_CONNECT_START
1533375140984255, 9, CLIENT_TCP_CONNECT_END
1533375142716260, 0, CLIENT_HANDSHAKE_START
1533375143385796, 1, CLIENT_HANDSHAKE_END
1533375143385908, 4, CLIENT_FETCH_HTML_START
1533375143557258, 5, CLIENT_FETCH_HTML_END
1533375142715440, 8, CLIENT_TCP_CONNECT_START
1533375142716251, 9, CLIENT_TCP_CONNECT_END
1533375144567368, 0, CLIENT_HANDSHAKE_START
1533375145164863, 1, CLIENT_HANDSHAKE_END
1533375145164951, 4, CLIENT_FETCH_HTML_START
1533375145300703, 5, CLIENT_FETCH_HTML_END
1533375144566539, 8, CLIENT_TCP_CONNECT_START
1533375144567331, 9, CLIENT_TCP_CONNECT_END
1533375146310198, 0, CLIENT_HANDSHAKE_START
1533375146951402, 1, CLIENT_HANDSHAKE_END
1533375146951488, 4, CLIENT_FETCH_HTML_START
1533375147098061, 5, CLIENT_FETCH_HTML_END
1533375146309394, 8, CLIENT_TCP_CONNECT_START
1533375146310190, 9, CLIENT_TCP_CONNECT_END
1533375148107212, 0, CLIENT_HANDSHAKE_START
1533375148716359, 1, CLIENT_HANDSHAKE_END
1533375148716444, 4, CLIENT_FETCH_HTML_START
1533375148867261, 5, CLIENT_FETCH_HTML_END
1533375148106413, 8, CLIENT_TCP_CONNECT_START
1533375148107202, 9, CLIENT_TCP_CONNECT_END
