1533382793944216, 0, CLIENT_HANDSHAKE_START
1533382794036931, 1, CLIENT_HANDSHAKE_END
1533382794036972, 4, CLIENT_FETCH_HTML_START
1533382794037002, 5, CLIENT_FETCH_HTML_END
1533382793941766, 8, CLIENT_TCP_CONNECT_START
1533382793942737, 9, CLIENT_TCP_CONNECT_END
1533382794036999, 30, CLIENT_CONNECT_START
1533382793944313, 31, CLIENT_CLIENT_HELLO_START
1533382793944379, 32, CLIENT_CLIENT_HELLO_END
1533382794036999, 33, CLIENT_SERVER_HELLO_START
1533382794037002, 34, CLIENT_SERVER_HELLO_END
1533382865382373, 4, CLIENT_FETCH_HTML_START
1533382865396390, 5, CLIENT_FETCH_HTML_END
1533382865381572, 8, CLIENT_TCP_CONNECT_START
1533382865382318, 9, CLIENT_TCP_CONNECT_END
1533382865906549, 4, CLIENT_FETCH_HTML_START
1533382865918578, 5, CLIENT_FETCH_HTML_END
1533382865905501, 8, CLIENT_TCP_CONNECT_START
1533382865906505, 9, CLIENT_TCP_CONNECT_END
1533382866428660, 4, CLIENT_FETCH_HTML_START
1533382866440822, 5, CLIENT_FETCH_HTML_END
1533382866427772, 8, CLIENT_TCP_CONNECT_START
1533382866428609, 9, CLIENT_TCP_CONNECT_END
1533382866950746, 4, CLIENT_FETCH_HTML_START
1533382866963837, 5, CLIENT_FETCH_HTML_END
1533382866949875, 8, CLIENT_TCP_CONNECT_START
1533382866950697, 9, CLIENT_TCP_CONNECT_END
1533382867473900, 4, CLIENT_FETCH_HTML_START
1533382867488576, 5, CLIENT_FETCH_HTML_END
1533382867473057, 8, CLIENT_TCP_CONNECT_START
1533382867473856, 9, CLIENT_TCP_CONNECT_END
1533382867998635, 4, CLIENT_FETCH_HTML_START
1533382868011420, 5, CLIENT_FETCH_HTML_END
1533382867997796, 8, CLIENT_TCP_CONNECT_START
1533382867998590, 9, CLIENT_TCP_CONNECT_END
1533382868521611, 4, CLIENT_FETCH_HTML_START
1533382868534753, 5, CLIENT_FETCH_HTML_END
1533382868520789, 8, CLIENT_TCP_CONNECT_START
1533382868521574, 9, CLIENT_TCP_CONNECT_END
1533382869044582, 4, CLIENT_FETCH_HTML_START
1533382869056728, 5, CLIENT_FETCH_HTML_END
1533382869043745, 8, CLIENT_TCP_CONNECT_START
1533382869044531, 9, CLIENT_TCP_CONNECT_END
1533382869566662, 4, CLIENT_FETCH_HTML_START
1533382869579491, 5, CLIENT_FETCH_HTML_END
1533382869565786, 8, CLIENT_TCP_CONNECT_START
1533382869566610, 9, CLIENT_TCP_CONNECT_END
1533382870089386, 4, CLIENT_FETCH_HTML_START
1533382870102144, 5, CLIENT_FETCH_HTML_END
1533382870088531, 8, CLIENT_TCP_CONNECT_START
1533382870089331, 9, CLIENT_TCP_CONNECT_END
1533382870612182, 4, CLIENT_FETCH_HTML_START
1533382870624553, 5, CLIENT_FETCH_HTML_END
1533382870611411, 8, CLIENT_TCP_CONNECT_START
1533382870612130, 9, CLIENT_TCP_CONNECT_END
1533382871134744, 4, CLIENT_FETCH_HTML_START
1533382871146721, 5, CLIENT_FETCH_HTML_END
1533382871133824, 8, CLIENT_TCP_CONNECT_START
1533382871134692, 9, CLIENT_TCP_CONNECT_END
1533382871656708, 4, CLIENT_FETCH_HTML_START
1533382871669293, 5, CLIENT_FETCH_HTML_END
1533382871655882, 8, CLIENT_TCP_CONNECT_START
1533382871656655, 9, CLIENT_TCP_CONNECT_END
1533382872178996, 4, CLIENT_FETCH_HTML_START
1533382872191367, 5, CLIENT_FETCH_HTML_END
1533382872178132, 8, CLIENT_TCP_CONNECT_START
1533382872178943, 9, CLIENT_TCP_CONNECT_END
1533382872701495, 4, CLIENT_FETCH_HTML_START
1533382872714930, 5, CLIENT_FETCH_HTML_END
1533382872700475, 8, CLIENT_TCP_CONNECT_START
1533382872701445, 9, CLIENT_TCP_CONNECT_END
1533382873224869, 4, CLIENT_FETCH_HTML_START
1533382873236544, 5, CLIENT_FETCH_HTML_END
1533382873224037, 8, CLIENT_TCP_CONNECT_START
1533382873224821, 9, CLIENT_TCP_CONNECT_END
1533382873746505, 4, CLIENT_FETCH_HTML_START
1533382873760387, 5, CLIENT_FETCH_HTML_END
1533382873745679, 8, CLIENT_TCP_CONNECT_START
1533382873746456, 9, CLIENT_TCP_CONNECT_END
1533382874270363, 4, CLIENT_FETCH_HTML_START
1533382874283912, 5, CLIENT_FETCH_HTML_END
1533382874269507, 8, CLIENT_TCP_CONNECT_START
1533382874270312, 9, CLIENT_TCP_CONNECT_END
1533382874793821, 4, CLIENT_FETCH_HTML_START
1533382874807358, 5, CLIENT_FETCH_HTML_END
1533382874792987, 8, CLIENT_TCP_CONNECT_START
1533382874793777, 9, CLIENT_TCP_CONNECT_END
1533382875317466, 4, CLIENT_FETCH_HTML_START
1533382875330029, 5, CLIENT_FETCH_HTML_END
1533382875316609, 8, CLIENT_TCP_CONNECT_START
1533382875317414, 9, CLIENT_TCP_CONNECT_END
1533382875839946, 4, CLIENT_FETCH_HTML_START
1533382875851749, 5, CLIENT_FETCH_HTML_END
1533382875839108, 8, CLIENT_TCP_CONNECT_START
1533382875839896, 9, CLIENT_TCP_CONNECT_END
1533382876361862, 4, CLIENT_FETCH_HTML_START
1533382876376428, 5, CLIENT_FETCH_HTML_END
1533382876360959, 8, CLIENT_TCP_CONNECT_START
1533382876361818, 9, CLIENT_TCP_CONNECT_END
1533382876886241, 4, CLIENT_FETCH_HTML_START
1533382876898560, 5, CLIENT_FETCH_HTML_END
1533382876885406, 8, CLIENT_TCP_CONNECT_START
1533382876886194, 9, CLIENT_TCP_CONNECT_END
1533382877408552, 4, CLIENT_FETCH_HTML_START
1533382877422641, 5, CLIENT_FETCH_HTML_END
1533382877407639, 8, CLIENT_TCP_CONNECT_START
1533382877408500, 9, CLIENT_TCP_CONNECT_END
1533382877932688, 4, CLIENT_FETCH_HTML_START
1533382877944902, 5, CLIENT_FETCH_HTML_END
1533382877931857, 8, CLIENT_TCP_CONNECT_START
1533382877932644, 9, CLIENT_TCP_CONNECT_END
1533382878454829, 4, CLIENT_FETCH_HTML_START
1533382878468018, 5, CLIENT_FETCH_HTML_END
1533382878453994, 8, CLIENT_TCP_CONNECT_START
1533382878454778, 9, CLIENT_TCP_CONNECT_END
1533382878977937, 4, CLIENT_FETCH_HTML_START
1533382878990526, 5, CLIENT_FETCH_HTML_END
1533382878977032, 8, CLIENT_TCP_CONNECT_START
1533382878977886, 9, CLIENT_TCP_CONNECT_END
1533382879500766, 4, CLIENT_FETCH_HTML_START
1533382879513515, 5, CLIENT_FETCH_HTML_END
1533382879499917, 8, CLIENT_TCP_CONNECT_START
1533382879500716, 9, CLIENT_TCP_CONNECT_END
1533382880023595, 4, CLIENT_FETCH_HTML_START
1533382880037514, 5, CLIENT_FETCH_HTML_END
1533382880022501, 8, CLIENT_TCP_CONNECT_START
1533382880023550, 9, CLIENT_TCP_CONNECT_END
1533382880547484, 4, CLIENT_FETCH_HTML_START
1533382880560925, 5, CLIENT_FETCH_HTML_END
1533382880546698, 8, CLIENT_TCP_CONNECT_START
1533382880547440, 9, CLIENT_TCP_CONNECT_END
1533382881070818, 4, CLIENT_FETCH_HTML_START
1533382881083659, 5, CLIENT_FETCH_HTML_END
1533382881069948, 8, CLIENT_TCP_CONNECT_START
1533382881070766, 9, CLIENT_TCP_CONNECT_END
1533382881593653, 4, CLIENT_FETCH_HTML_START
1533382881607081, 5, CLIENT_FETCH_HTML_END
1533382881592761, 8, CLIENT_TCP_CONNECT_START
1533382881593601, 9, CLIENT_TCP_CONNECT_END
1533382882116786, 4, CLIENT_FETCH_HTML_START
1533382882128415, 5, CLIENT_FETCH_HTML_END
1533382882115922, 8, CLIENT_TCP_CONNECT_START
1533382882116742, 9, CLIENT_TCP_CONNECT_END
1533382882638383, 4, CLIENT_FETCH_HTML_START
1533382882713565, 5, CLIENT_FETCH_HTML_END
1533382882637572, 8, CLIENT_TCP_CONNECT_START
1533382882638331, 9, CLIENT_TCP_CONNECT_END
1533382883223548, 4, CLIENT_FETCH_HTML_START
1533382883236651, 5, CLIENT_FETCH_HTML_END
1533382883222753, 8, CLIENT_TCP_CONNECT_START
1533382883223504, 9, CLIENT_TCP_CONNECT_END
1533382883746782, 4, CLIENT_FETCH_HTML_START
1533382883758824, 5, CLIENT_FETCH_HTML_END
1533382883745918, 8, CLIENT_TCP_CONNECT_START
1533382883746730, 9, CLIENT_TCP_CONNECT_END
1533382884268816, 4, CLIENT_FETCH_HTML_START
1533382884281167, 5, CLIENT_FETCH_HTML_END
1533382884267924, 8, CLIENT_TCP_CONNECT_START
1533382884268763, 9, CLIENT_TCP_CONNECT_END
1533382884791362, 4, CLIENT_FETCH_HTML_START
1533382884804511, 5, CLIENT_FETCH_HTML_END
1533382884790439, 8, CLIENT_TCP_CONNECT_START
1533382884791310, 9, CLIENT_TCP_CONNECT_END
1533382885314477, 4, CLIENT_FETCH_HTML_START
1533382885327481, 5, CLIENT_FETCH_HTML_END
1533382885313598, 8, CLIENT_TCP_CONNECT_START
1533382885314425, 9, CLIENT_TCP_CONNECT_END
1533382885837488, 4, CLIENT_FETCH_HTML_START
1533382885851332, 5, CLIENT_FETCH_HTML_END
1533382885836567, 8, CLIENT_TCP_CONNECT_START
1533382885837437, 9, CLIENT_TCP_CONNECT_END
1533382886361232, 4, CLIENT_FETCH_HTML_START
1533382886373807, 5, CLIENT_FETCH_HTML_END
1533382886360399, 8, CLIENT_TCP_CONNECT_START
1533382886361181, 9, CLIENT_TCP_CONNECT_END
1533382886883725, 4, CLIENT_FETCH_HTML_START
1533382886896019, 5, CLIENT_FETCH_HTML_END
1533382886882901, 8, CLIENT_TCP_CONNECT_START
1533382886883674, 9, CLIENT_TCP_CONNECT_END
1533382887405922, 4, CLIENT_FETCH_HTML_START
1533382887419011, 5, CLIENT_FETCH_HTML_END
1533382887405164, 8, CLIENT_TCP_CONNECT_START
1533382887405876, 9, CLIENT_TCP_CONNECT_END
1533382887929200, 4, CLIENT_FETCH_HTML_START
1533382887941812, 5, CLIENT_FETCH_HTML_END
1533382887928378, 8, CLIENT_TCP_CONNECT_START
1533382887929154, 9, CLIENT_TCP_CONNECT_END
1533382888451806, 4, CLIENT_FETCH_HTML_START
1533382888464735, 5, CLIENT_FETCH_HTML_END
1533382888450948, 8, CLIENT_TCP_CONNECT_START
1533382888451753, 9, CLIENT_TCP_CONNECT_END
1533382888974757, 4, CLIENT_FETCH_HTML_START
1533382888987650, 5, CLIENT_FETCH_HTML_END
1533382888973850, 8, CLIENT_TCP_CONNECT_START
1533382888974704, 9, CLIENT_TCP_CONNECT_END
1533382889497562, 4, CLIENT_FETCH_HTML_START
1533382889509087, 5, CLIENT_FETCH_HTML_END
1533382889496774, 8, CLIENT_TCP_CONNECT_START
1533382889497511, 9, CLIENT_TCP_CONNECT_END
1533382890019142, 4, CLIENT_FETCH_HTML_START
1533382890031979, 5, CLIENT_FETCH_HTML_END
1533382890018304, 8, CLIENT_TCP_CONNECT_START
1533382890019099, 9, CLIENT_TCP_CONNECT_END
1533382890541866, 4, CLIENT_FETCH_HTML_START
1533382890554165, 5, CLIENT_FETCH_HTML_END
1533382890541081, 8, CLIENT_TCP_CONNECT_START
1533382890541828, 9, CLIENT_TCP_CONNECT_END
1533382891064166, 4, CLIENT_FETCH_HTML_START
1533382891076776, 5, CLIENT_FETCH_HTML_END
1533382891063324, 8, CLIENT_TCP_CONNECT_START
1533382891064113, 9, CLIENT_TCP_CONNECT_END
1533382891586591, 4, CLIENT_FETCH_HTML_START
1533382891600672, 5, CLIENT_FETCH_HTML_END
1533382891585722, 8, CLIENT_TCP_CONNECT_START
1533382891586541, 9, CLIENT_TCP_CONNECT_END
1533382892110821, 4, CLIENT_FETCH_HTML_START
1533382892123958, 5, CLIENT_FETCH_HTML_END
1533382892109958, 8, CLIENT_TCP_CONNECT_START
1533382892110777, 9, CLIENT_TCP_CONNECT_END
1533382892634089, 4, CLIENT_FETCH_HTML_START
1533382892645607, 5, CLIENT_FETCH_HTML_END
1533382892633167, 8, CLIENT_TCP_CONNECT_START
1533382892634037, 9, CLIENT_TCP_CONNECT_END
1533382893155430, 4, CLIENT_FETCH_HTML_START
1533382893168745, 5, CLIENT_FETCH_HTML_END
1533382893154576, 8, CLIENT_TCP_CONNECT_START
1533382893155379, 9, CLIENT_TCP_CONNECT_END
1533382893678823, 4, CLIENT_FETCH_HTML_START
1533382893690381, 5, CLIENT_FETCH_HTML_END
1533382893677991, 8, CLIENT_TCP_CONNECT_START
1533382893678771, 9, CLIENT_TCP_CONNECT_END
1533382894198456, 4, CLIENT_FETCH_HTML_START
1533382894211636, 5, CLIENT_FETCH_HTML_END
1533382894197624, 8, CLIENT_TCP_CONNECT_START
1533382894198422, 9, CLIENT_TCP_CONNECT_END
1533382894720447, 4, CLIENT_FETCH_HTML_START
1533382894734265, 5, CLIENT_FETCH_HTML_END
1533382894719633, 8, CLIENT_TCP_CONNECT_START
1533382894720405, 9, CLIENT_TCP_CONNECT_END
1533382895244004, 4, CLIENT_FETCH_HTML_START
1533382895258734, 5, CLIENT_FETCH_HTML_END
1533382895243205, 8, CLIENT_TCP_CONNECT_START
1533382895243953, 9, CLIENT_TCP_CONNECT_END
1533382895768754, 4, CLIENT_FETCH_HTML_START
1533382895781990, 5, CLIENT_FETCH_HTML_END
1533382895767767, 8, CLIENT_TCP_CONNECT_START
1533382895768703, 9, CLIENT_TCP_CONNECT_END
1533382896291906, 4, CLIENT_FETCH_HTML_START
1533382896304812, 5, CLIENT_FETCH_HTML_END
1533382896291035, 8, CLIENT_TCP_CONNECT_START
1533382896291861, 9, CLIENT_TCP_CONNECT_END
1533382896814673, 4, CLIENT_FETCH_HTML_START
1533382896826299, 5, CLIENT_FETCH_HTML_END
1533382896813860, 8, CLIENT_TCP_CONNECT_START
1533382896814622, 9, CLIENT_TCP_CONNECT_END
1533382897336103, 4, CLIENT_FETCH_HTML_START
1533382897349590, 5, CLIENT_FETCH_HTML_END
1533382897335308, 8, CLIENT_TCP_CONNECT_START
1533382897336059, 9, CLIENT_TCP_CONNECT_END
1533382897859499, 4, CLIENT_FETCH_HTML_START
1533382897871414, 5, CLIENT_FETCH_HTML_END
1533382897858662, 8, CLIENT_TCP_CONNECT_START
1533382897859448, 9, CLIENT_TCP_CONNECT_END
1533382898381344, 4, CLIENT_FETCH_HTML_START
1533382898393344, 5, CLIENT_FETCH_HTML_END
1533382898380499, 8, CLIENT_TCP_CONNECT_START
1533382898381298, 9, CLIENT_TCP_CONNECT_END
1533382898903515, 4, CLIENT_FETCH_HTML_START
1533382898916578, 5, CLIENT_FETCH_HTML_END
1533382898902707, 8, CLIENT_TCP_CONNECT_START
1533382898903470, 9, CLIENT_TCP_CONNECT_END
1533382899426747, 4, CLIENT_FETCH_HTML_START
1533382899439924, 5, CLIENT_FETCH_HTML_END
1533382899425937, 8, CLIENT_TCP_CONNECT_START
1533382899426692, 9, CLIENT_TCP_CONNECT_END
1533382899950001, 4, CLIENT_FETCH_HTML_START
1533382899963382, 5, CLIENT_FETCH_HTML_END
1533382899949199, 8, CLIENT_TCP_CONNECT_START
1533382899949948, 9, CLIENT_TCP_CONNECT_END
1533382900473361, 4, CLIENT_FETCH_HTML_START
1533382900486665, 5, CLIENT_FETCH_HTML_END
1533382900472535, 8, CLIENT_TCP_CONNECT_START
1533382900473318, 9, CLIENT_TCP_CONNECT_END
1533382900996757, 4, CLIENT_FETCH_HTML_START
1533382901010140, 5, CLIENT_FETCH_HTML_END
1533382900995909, 8, CLIENT_TCP_CONNECT_START
1533382900996704, 9, CLIENT_TCP_CONNECT_END
1533382901520091, 4, CLIENT_FETCH_HTML_START
1533382901531951, 5, CLIENT_FETCH_HTML_END
1533382901519279, 8, CLIENT_TCP_CONNECT_START
1533382901520047, 9, CLIENT_TCP_CONNECT_END
1533382902041976, 4, CLIENT_FETCH_HTML_START
1533382902054886, 5, CLIENT_FETCH_HTML_END
1533382902041142, 8, CLIENT_TCP_CONNECT_START
1533382902041925, 9, CLIENT_TCP_CONNECT_END
1533382902564670, 4, CLIENT_FETCH_HTML_START
1533382902578377, 5, CLIENT_FETCH_HTML_END
1533382902563809, 8, CLIENT_TCP_CONNECT_START
1533382902564620, 9, CLIENT_TCP_CONNECT_END
1533382903088599, 4, CLIENT_FETCH_HTML_START
1533382903101126, 5, CLIENT_FETCH_HTML_END
1533382903087751, 8, CLIENT_TCP_CONNECT_START
1533382903088548, 9, CLIENT_TCP_CONNECT_END
1533382903610933, 4, CLIENT_FETCH_HTML_START
1533382903623794, 5, CLIENT_FETCH_HTML_END
1533382903610104, 8, CLIENT_TCP_CONNECT_START
1533382903610881, 9, CLIENT_TCP_CONNECT_END
1533382904133936, 4, CLIENT_FETCH_HTML_START
1533382904147466, 5, CLIENT_FETCH_HTML_END
1533382904133011, 8, CLIENT_TCP_CONNECT_START
1533382904133886, 9, CLIENT_TCP_CONNECT_END
1533382904657652, 4, CLIENT_FETCH_HTML_START
1533382904669943, 5, CLIENT_FETCH_HTML_END
1533382904656768, 8, CLIENT_TCP_CONNECT_START
1533382904657601, 9, CLIENT_TCP_CONNECT_END
1533382905180254, 4, CLIENT_FETCH_HTML_START
1533382905192331, 5, CLIENT_FETCH_HTML_END
1533382905179429, 8, CLIENT_TCP_CONNECT_START
1533382905180207, 9, CLIENT_TCP_CONNECT_END
1533382905702283, 4, CLIENT_FETCH_HTML_START
1533382905714818, 5, CLIENT_FETCH_HTML_END
1533382905701446, 8, CLIENT_TCP_CONNECT_START
1533382905702231, 9, CLIENT_TCP_CONNECT_END
1533382906226004, 4, CLIENT_FETCH_HTML_START
1533382906237976, 5, CLIENT_FETCH_HTML_END
1533382906225207, 8, CLIENT_TCP_CONNECT_START
1533382906225958, 9, CLIENT_TCP_CONNECT_END
1533382906747993, 4, CLIENT_FETCH_HTML_START
1533382906760332, 5, CLIENT_FETCH_HTML_END
1533382906747163, 8, CLIENT_TCP_CONNECT_START
1533382906747947, 9, CLIENT_TCP_CONNECT_END
1533382907270662, 4, CLIENT_FETCH_HTML_START
1533382907284486, 5, CLIENT_FETCH_HTML_END
1533382907269822, 8, CLIENT_TCP_CONNECT_START
1533382907270612, 9, CLIENT_TCP_CONNECT_END
1533382907794411, 4, CLIENT_FETCH_HTML_START
1533382907806261, 5, CLIENT_FETCH_HTML_END
1533382907793568, 8, CLIENT_TCP_CONNECT_START
1533382907794360, 9, CLIENT_TCP_CONNECT_END
1533382908316336, 4, CLIENT_FETCH_HTML_START
1533382908329261, 5, CLIENT_FETCH_HTML_END
1533382908315495, 8, CLIENT_TCP_CONNECT_START
1533382908316259, 9, CLIENT_TCP_CONNECT_END
1533382908839167, 4, CLIENT_FETCH_HTML_START
1533382908852215, 5, CLIENT_FETCH_HTML_END
1533382908838338, 8, CLIENT_TCP_CONNECT_START
1533382908839122, 9, CLIENT_TCP_CONNECT_END
1533382909362202, 4, CLIENT_FETCH_HTML_START
1533382909374474, 5, CLIENT_FETCH_HTML_END
1533382909361311, 8, CLIENT_TCP_CONNECT_START
1533382909362148, 9, CLIENT_TCP_CONNECT_END
1533382909884209, 4, CLIENT_FETCH_HTML_START
1533382909896352, 5, CLIENT_FETCH_HTML_END
1533382909883389, 8, CLIENT_TCP_CONNECT_START
1533382909884165, 9, CLIENT_TCP_CONNECT_END
1533382910406424, 4, CLIENT_FETCH_HTML_START
1533382910419354, 5, CLIENT_FETCH_HTML_END
1533382910405493, 8, CLIENT_TCP_CONNECT_START
1533382910406373, 9, CLIENT_TCP_CONNECT_END
1533382910929472, 4, CLIENT_FETCH_HTML_START
1533382910941985, 5, CLIENT_FETCH_HTML_END
1533382910928584, 8, CLIENT_TCP_CONNECT_START
1533382910929429, 9, CLIENT_TCP_CONNECT_END
1533382911452083, 4, CLIENT_FETCH_HTML_START
1533382911463732, 5, CLIENT_FETCH_HTML_END
1533382911451237, 8, CLIENT_TCP_CONNECT_START
1533382911452033, 9, CLIENT_TCP_CONNECT_END
1533382911973716, 4, CLIENT_FETCH_HTML_START
1533382911989616, 5, CLIENT_FETCH_HTML_END
1533382911972839, 8, CLIENT_TCP_CONNECT_START
1533382911973662, 9, CLIENT_TCP_CONNECT_END
1533382912499728, 4, CLIENT_FETCH_HTML_START
1533382912512291, 5, CLIENT_FETCH_HTML_END
1533382912498898, 8, CLIENT_TCP_CONNECT_START
1533382912499683, 9, CLIENT_TCP_CONNECT_END
1533382913022161, 4, CLIENT_FETCH_HTML_START
1533382913034456, 5, CLIENT_FETCH_HTML_END
1533382913021371, 8, CLIENT_TCP_CONNECT_START
1533382913022111, 9, CLIENT_TCP_CONNECT_END
1533382913544351, 4, CLIENT_FETCH_HTML_START
1533382913556169, 5, CLIENT_FETCH_HTML_END
1533382913543420, 8, CLIENT_TCP_CONNECT_START
1533382913544299, 9, CLIENT_TCP_CONNECT_END
1533382914066069, 4, CLIENT_FETCH_HTML_START
1533382914078493, 5, CLIENT_FETCH_HTML_END
1533382914065227, 8, CLIENT_TCP_CONNECT_START
1533382914066023, 9, CLIENT_TCP_CONNECT_END
1533382914588436, 4, CLIENT_FETCH_HTML_START
1533382914601066, 5, CLIENT_FETCH_HTML_END
1533382914587630, 8, CLIENT_TCP_CONNECT_START
1533382914588385, 9, CLIENT_TCP_CONNECT_END
1533382915110840, 4, CLIENT_FETCH_HTML_START
1533382915123195, 5, CLIENT_FETCH_HTML_END
1533382915109990, 8, CLIENT_TCP_CONNECT_START
1533382915110792, 9, CLIENT_TCP_CONNECT_END
1533382915633261, 4, CLIENT_FETCH_HTML_START
1533382915646101, 5, CLIENT_FETCH_HTML_END
1533382915632422, 8, CLIENT_TCP_CONNECT_START
1533382915633216, 9, CLIENT_TCP_CONNECT_END
1533382916156133, 4, CLIENT_FETCH_HTML_START
1533382916168195, 5, CLIENT_FETCH_HTML_END
1533382916155333, 8, CLIENT_TCP_CONNECT_START
1533382916156081, 9, CLIENT_TCP_CONNECT_END
1533382916678045, 4, CLIENT_FETCH_HTML_START
1533382916691370, 5, CLIENT_FETCH_HTML_END
1533382916677211, 8, CLIENT_TCP_CONNECT_START
1533382916678000, 9, CLIENT_TCP_CONNECT_END
1533382917201620, 4, CLIENT_FETCH_HTML_START
1533382917214096, 5, CLIENT_FETCH_HTML_END
1533382917200750, 8, CLIENT_TCP_CONNECT_START
1533382917201565, 9, CLIENT_TCP_CONNECT_END
