1530592213630136, 9, CLIENT_TCP_CONNECT_START
1530592213630258, 10, CLIENT_TCP_CONNECT_END
1530592213630804, 1, CLIENT_HANDSHAKE_START
1530592213638037, 7, CLIENT_EXTENDED_FINISHED_START
1530592213638037, 8, CLIENT_EXTENDED_FINISHED_END
1530592213638066, 2, CLIENT_HANDSHAKE_END
1530592213638231, 3, CLIENT_CERT_VALIDATION_START
1530592213647916, 4, CLIENT_CERT_VALIDATION_END
1530592213649703, 6, CLIENT_FETCH_HTML_END
1530592246256529, 9, CLIENT_TCP_CONNECT_START
1530592246256672, 10, CLIENT_TCP_CONNECT_END
1530592246257370, 1, CLIENT_HANDSHAKE_START
1530592246264450, 7, CLIENT_EXTENDED_FINISHED_START
1530592246264450, 8, CLIENT_EXTENDED_FINISHED_END
1530592246264473, 2, CLIENT_HANDSHAKE_END
1530592246264617, 3, CLIENT_CERT_VALIDATION_START
1530592246273806, 4, CLIENT_CERT_VALIDATION_END
1530592246275533, 6, CLIENT_FETCH_HTML_END
1530592278922500, 9, CLIENT_TCP_CONNECT_START
1530592278922648, 10, CLIENT_TCP_CONNECT_END
1530592278924844, 1, CLIENT_HANDSHAKE_START
1530592278930933, 7, CLIENT_EXTENDED_FINISHED_START
1530592278930933, 8, CLIENT_EXTENDED_FINISHED_END
1530592278930960, 2, CLIENT_HANDSHAKE_END
1530592278931116, 3, CLIENT_CERT_VALIDATION_START
1530592278942407, 4, CLIENT_CERT_VALIDATION_END
1530592278944135, 6, CLIENT_FETCH_HTML_END
1530592312482916, 9, CLIENT_TCP_CONNECT_START
1530592312483043, 10, CLIENT_TCP_CONNECT_END
1530592312483653, 1, CLIENT_HANDSHAKE_START
1530592312489048, 7, CLIENT_EXTENDED_FINISHED_START
1530592312489048, 8, CLIENT_EXTENDED_FINISHED_END
1530592312489090, 2, CLIENT_HANDSHAKE_END
1530592312489405, 3, CLIENT_CERT_VALIDATION_START
1530592312496829, 4, CLIENT_CERT_VALIDATION_END
1530592312498430, 6, CLIENT_FETCH_HTML_END
1530592345102534, 9, CLIENT_TCP_CONNECT_START
1530592345102667, 10, CLIENT_TCP_CONNECT_END
1530592345103300, 1, CLIENT_HANDSHAKE_START
1530592345110538, 7, CLIENT_EXTENDED_FINISHED_START
1530592345110538, 8, CLIENT_EXTENDED_FINISHED_END
1530592345110568, 2, CLIENT_HANDSHAKE_END
1530592345110745, 3, CLIENT_CERT_VALIDATION_START
1530592345118612, 4, CLIENT_CERT_VALIDATION_END
1530592345120431, 6, CLIENT_FETCH_HTML_END
1530592377743088, 9, CLIENT_TCP_CONNECT_START
1530592377743234, 10, CLIENT_TCP_CONNECT_END
1530592377743942, 1, CLIENT_HANDSHAKE_START
1530592377749780, 7, CLIENT_EXTENDED_FINISHED_START
1530592377749780, 8, CLIENT_EXTENDED_FINISHED_END
1530592377749819, 2, CLIENT_HANDSHAKE_END
1530592377750059, 3, CLIENT_CERT_VALIDATION_START
1530592377760698, 4, CLIENT_CERT_VALIDATION_END
1530592377762031, 6, CLIENT_FETCH_HTML_END
1530592410411041, 9, CLIENT_TCP_CONNECT_START
1530592410411170, 10, CLIENT_TCP_CONNECT_END
1530592410411807, 1, CLIENT_HANDSHAKE_START
1530592410419896, 7, CLIENT_EXTENDED_FINISHED_START
1530592410419896, 8, CLIENT_EXTENDED_FINISHED_END
1530592410419935, 2, CLIENT_HANDSHAKE_END
1530592410420173, 3, CLIENT_CERT_VALIDATION_START
1530592410427847, 4, CLIENT_CERT_VALIDATION_END
1530592410429722, 6, CLIENT_FETCH_HTML_END
1530592443043814, 9, CLIENT_TCP_CONNECT_START
1530592443043963, 10, CLIENT_TCP_CONNECT_END
1530592443044582, 1, CLIENT_HANDSHAKE_START
1530592443051562, 7, CLIENT_EXTENDED_FINISHED_START
1530592443051562, 8, CLIENT_EXTENDED_FINISHED_END
1530592443051592, 2, CLIENT_HANDSHAKE_END
1530592443051800, 3, CLIENT_CERT_VALIDATION_START
1530592443061634, 4, CLIENT_CERT_VALIDATION_END
1530592443063682, 6, CLIENT_FETCH_HTML_END
1530592475730066, 9, CLIENT_TCP_CONNECT_START
1530592475730185, 10, CLIENT_TCP_CONNECT_END
1530592475730713, 1, CLIENT_HANDSHAKE_START
1530592475738638, 7, CLIENT_EXTENDED_FINISHED_START
1530592475738638, 8, CLIENT_EXTENDED_FINISHED_END
1530592475738659, 2, CLIENT_HANDSHAKE_END
1530592475738807, 3, CLIENT_CERT_VALIDATION_START
1530592475747983, 4, CLIENT_CERT_VALIDATION_END
1530592475749706, 6, CLIENT_FETCH_HTML_END
1530592508367067, 9, CLIENT_TCP_CONNECT_START
1530592508367182, 10, CLIENT_TCP_CONNECT_END
1530592508367726, 1, CLIENT_HANDSHAKE_START
1530592508374165, 7, CLIENT_EXTENDED_FINISHED_START
1530592508374165, 8, CLIENT_EXTENDED_FINISHED_END
1530592508374193, 2, CLIENT_HANDSHAKE_END
1530592508374359, 3, CLIENT_CERT_VALIDATION_START
1530592508383633, 4, CLIENT_CERT_VALIDATION_END
1530592508385585, 6, CLIENT_FETCH_HTML_END
1530592541022314, 9, CLIENT_TCP_CONNECT_START
1530592541022420, 10, CLIENT_TCP_CONNECT_END
1530592541022939, 1, CLIENT_HANDSHAKE_START
1530592541028208, 7, CLIENT_EXTENDED_FINISHED_START
1530592541028208, 8, CLIENT_EXTENDED_FINISHED_END
1530592541028245, 2, CLIENT_HANDSHAKE_END
1530592541028478, 3, CLIENT_CERT_VALIDATION_START
1530592541037175, 4, CLIENT_CERT_VALIDATION_END
1530592541038995, 6, CLIENT_FETCH_HTML_END
1530592573654593, 9, CLIENT_TCP_CONNECT_START
1530592573654739, 10, CLIENT_TCP_CONNECT_END
1530592573656949, 1, CLIENT_HANDSHAKE_START
1530592573662331, 7, CLIENT_EXTENDED_FINISHED_START
1530592573662331, 8, CLIENT_EXTENDED_FINISHED_END
1530592573662370, 2, CLIENT_HANDSHAKE_END
1530592573662622, 3, CLIENT_CERT_VALIDATION_START
1530592573670599, 4, CLIENT_CERT_VALIDATION_END
1530592573672497, 6, CLIENT_FETCH_HTML_END
1530592606309023, 9, CLIENT_TCP_CONNECT_START
1530592606309157, 10, CLIENT_TCP_CONNECT_END
1530592606309733, 1, CLIENT_HANDSHAKE_START
1530592606317591, 7, CLIENT_EXTENDED_FINISHED_START
1530592606317592, 8, CLIENT_EXTENDED_FINISHED_END
1530592606317624, 2, CLIENT_HANDSHAKE_END
1530592606317812, 3, CLIENT_CERT_VALIDATION_START
1530592606327406, 4, CLIENT_CERT_VALIDATION_END
1530592606329177, 6, CLIENT_FETCH_HTML_END
1530592638953471, 9, CLIENT_TCP_CONNECT_START
1530592638953585, 10, CLIENT_TCP_CONNECT_END
1530592638954111, 1, CLIENT_HANDSHAKE_START
1530592638959405, 7, CLIENT_EXTENDED_FINISHED_START
1530592638959405, 8, CLIENT_EXTENDED_FINISHED_END
1530592638959450, 2, CLIENT_HANDSHAKE_END
1530592638959677, 3, CLIENT_CERT_VALIDATION_START
1530592638968257, 4, CLIENT_CERT_VALIDATION_END
1530592638969743, 6, CLIENT_FETCH_HTML_END
1530592671556386, 9, CLIENT_TCP_CONNECT_START
1530592671556665, 10, CLIENT_TCP_CONNECT_END
1530592671557185, 1, CLIENT_HANDSHAKE_START
1530592671562425, 7, CLIENT_EXTENDED_FINISHED_START
1530592671562425, 8, CLIENT_EXTENDED_FINISHED_END
1530592671562450, 2, CLIENT_HANDSHAKE_END
1530592671562575, 3, CLIENT_CERT_VALIDATION_START
1530592671571424, 4, CLIENT_CERT_VALIDATION_END
1530592671572764, 6, CLIENT_FETCH_HTML_END
1530592704165021, 9, CLIENT_TCP_CONNECT_START
1530592704165158, 10, CLIENT_TCP_CONNECT_END
1530592704167342, 1, CLIENT_HANDSHAKE_START
1530592704175026, 7, CLIENT_EXTENDED_FINISHED_START
1530592704175026, 8, CLIENT_EXTENDED_FINISHED_END
1530592704175051, 2, CLIENT_HANDSHAKE_END
1530592704175194, 3, CLIENT_CERT_VALIDATION_START
1530592704183017, 4, CLIENT_CERT_VALIDATION_END
1530592704184410, 6, CLIENT_FETCH_HTML_END
1530592736795453, 9, CLIENT_TCP_CONNECT_START
1530592736795735, 10, CLIENT_TCP_CONNECT_END
1530592736796344, 1, CLIENT_HANDSHAKE_START
1530592736801526, 7, CLIENT_EXTENDED_FINISHED_START
1530592736801527, 8, CLIENT_EXTENDED_FINISHED_END
1530592736801550, 2, CLIENT_HANDSHAKE_END
1530592736801682, 3, CLIENT_CERT_VALIDATION_START
1530592736808333, 4, CLIENT_CERT_VALIDATION_END
1530592736809676, 6, CLIENT_FETCH_HTML_END
1530592769444785, 9, CLIENT_TCP_CONNECT_START
1530592769444900, 10, CLIENT_TCP_CONNECT_END
1530592769445459, 1, CLIENT_HANDSHAKE_START
1530592769453289, 7, CLIENT_EXTENDED_FINISHED_START
1530592769453289, 8, CLIENT_EXTENDED_FINISHED_END
1530592769453318, 2, CLIENT_HANDSHAKE_END
1530592769453495, 3, CLIENT_CERT_VALIDATION_START
1530592769463428, 4, CLIENT_CERT_VALIDATION_END
1530592769464995, 6, CLIENT_FETCH_HTML_END
1530592802113023, 9, CLIENT_TCP_CONNECT_START
1530592802113168, 10, CLIENT_TCP_CONNECT_END
1530592802113853, 1, CLIENT_HANDSHAKE_START
1530592802119462, 7, CLIENT_EXTENDED_FINISHED_START
1530592802119462, 8, CLIENT_EXTENDED_FINISHED_END
1530592802119486, 2, CLIENT_HANDSHAKE_END
1530592802119625, 3, CLIENT_CERT_VALIDATION_START
1530592802127668, 4, CLIENT_CERT_VALIDATION_END
1530592802129312, 6, CLIENT_FETCH_HTML_END
1530592834736708, 9, CLIENT_TCP_CONNECT_START
1530592834736908, 10, CLIENT_TCP_CONNECT_END
1530592834737415, 1, CLIENT_HANDSHAKE_START
1530592834745492, 7, CLIENT_EXTENDED_FINISHED_START
1530592834745492, 8, CLIENT_EXTENDED_FINISHED_END
1530592834745518, 2, CLIENT_HANDSHAKE_END
1530592834745674, 3, CLIENT_CERT_VALIDATION_START
1530592834752125, 4, CLIENT_CERT_VALIDATION_END
1530592834753525, 6, CLIENT_FETCH_HTML_END
1530592867390396, 9, CLIENT_TCP_CONNECT_START
1530592867390569, 10, CLIENT_TCP_CONNECT_END
1530592867391275, 1, CLIENT_HANDSHAKE_START
1530592867400341, 7, CLIENT_EXTENDED_FINISHED_START
1530592867400342, 8, CLIENT_EXTENDED_FINISHED_END
1530592867400363, 2, CLIENT_HANDSHAKE_END
1530592867400493, 3, CLIENT_CERT_VALIDATION_START
1530592867407009, 4, CLIENT_CERT_VALIDATION_END
1530592867408617, 6, CLIENT_FETCH_HTML_END
1530592900046110, 9, CLIENT_TCP_CONNECT_START
1530592900046242, 10, CLIENT_TCP_CONNECT_END
1530592900046984, 1, CLIENT_HANDSHAKE_START
1530592900052880, 7, CLIENT_EXTENDED_FINISHED_START
1530592900052881, 8, CLIENT_EXTENDED_FINISHED_END
1530592900052926, 2, CLIENT_HANDSHAKE_END
1530592900053174, 3, CLIENT_CERT_VALIDATION_START
1530592900060617, 4, CLIENT_CERT_VALIDATION_END
1530592900062579, 6, CLIENT_FETCH_HTML_END
1530592931706650, 9, CLIENT_TCP_CONNECT_START
1530592931706790, 10, CLIENT_TCP_CONNECT_END
1530592931707481, 1, CLIENT_HANDSHAKE_START
1530592931714327, 7, CLIENT_EXTENDED_FINISHED_START
1530592931714327, 8, CLIENT_EXTENDED_FINISHED_END
1530592931714350, 2, CLIENT_HANDSHAKE_END
1530592931714505, 3, CLIENT_CERT_VALIDATION_START
1530592931721757, 4, CLIENT_CERT_VALIDATION_END
1530592931723202, 6, CLIENT_FETCH_HTML_END
1530592964350638, 9, CLIENT_TCP_CONNECT_START
1530592964350740, 10, CLIENT_TCP_CONNECT_END
1530592964351246, 1, CLIENT_HANDSHAKE_START
1530592964357852, 7, CLIENT_EXTENDED_FINISHED_START
1530592964357853, 8, CLIENT_EXTENDED_FINISHED_END
1530592964357885, 2, CLIENT_HANDSHAKE_END
1530592964358057, 3, CLIENT_CERT_VALIDATION_START
1530592964365672, 4, CLIENT_CERT_VALIDATION_END
1530592964367527, 6, CLIENT_FETCH_HTML_END
1530592997008939, 9, CLIENT_TCP_CONNECT_START
1530592997009082, 10, CLIENT_TCP_CONNECT_END
1530592997009798, 1, CLIENT_HANDSHAKE_START
1530592997015951, 7, CLIENT_EXTENDED_FINISHED_START
1530592997015951, 8, CLIENT_EXTENDED_FINISHED_END
1530592997015975, 2, CLIENT_HANDSHAKE_END
1530592997016119, 3, CLIENT_CERT_VALIDATION_START
1530592997023708, 4, CLIENT_CERT_VALIDATION_END
1530592997025286, 6, CLIENT_FETCH_HTML_END
1530593029660450, 9, CLIENT_TCP_CONNECT_START
1530593029660566, 10, CLIENT_TCP_CONNECT_END
1530593029661073, 1, CLIENT_HANDSHAKE_START
1530593029667660, 7, CLIENT_EXTENDED_FINISHED_START
1530593029667661, 8, CLIENT_EXTENDED_FINISHED_END
1530593029667693, 2, CLIENT_HANDSHAKE_END
1530593029667859, 3, CLIENT_CERT_VALIDATION_START
1530593029677347, 4, CLIENT_CERT_VALIDATION_END
1530593029678884, 6, CLIENT_FETCH_HTML_END
1530593062286390, 9, CLIENT_TCP_CONNECT_START
1530593062286536, 10, CLIENT_TCP_CONNECT_END
1530593062287176, 1, CLIENT_HANDSHAKE_START
1530593062292258, 7, CLIENT_EXTENDED_FINISHED_START
1530593062292258, 8, CLIENT_EXTENDED_FINISHED_END
1530593062292277, 2, CLIENT_HANDSHAKE_END
1530593062292429, 3, CLIENT_CERT_VALIDATION_START
1530593062300498, 4, CLIENT_CERT_VALIDATION_END
1530593062302193, 6, CLIENT_FETCH_HTML_END
1530593094911440, 9, CLIENT_TCP_CONNECT_START
1530593094911582, 10, CLIENT_TCP_CONNECT_END
1530593094913837, 1, CLIENT_HANDSHAKE_START
1530593094917752, 7, CLIENT_EXTENDED_FINISHED_START
1530593094917752, 8, CLIENT_EXTENDED_FINISHED_END
1530593094917774, 2, CLIENT_HANDSHAKE_END
1530593094917913, 3, CLIENT_CERT_VALIDATION_START
1530593094928087, 4, CLIENT_CERT_VALIDATION_END
1530593094929513, 6, CLIENT_FETCH_HTML_END
1530593127587886, 9, CLIENT_TCP_CONNECT_START
1530593127588014, 10, CLIENT_TCP_CONNECT_END
1530593127590216, 1, CLIENT_HANDSHAKE_START
1530593127597182, 7, CLIENT_EXTENDED_FINISHED_START
1530593127597182, 8, CLIENT_EXTENDED_FINISHED_END
1530593127597206, 2, CLIENT_HANDSHAKE_END
1530593127597357, 3, CLIENT_CERT_VALIDATION_START
1530593127604705, 4, CLIENT_CERT_VALIDATION_END
1530593127606303, 6, CLIENT_FETCH_HTML_END
1530593160231610, 9, CLIENT_TCP_CONNECT_START
1530593160231715, 10, CLIENT_TCP_CONNECT_END
1530593160232213, 1, CLIENT_HANDSHAKE_START
1530593160238886, 7, CLIENT_EXTENDED_FINISHED_START
1530593160238886, 8, CLIENT_EXTENDED_FINISHED_END
1530593160238910, 2, CLIENT_HANDSHAKE_END
1530593160239051, 3, CLIENT_CERT_VALIDATION_START
1530593160245683, 4, CLIENT_CERT_VALIDATION_END
1530593160247121, 6, CLIENT_FETCH_HTML_END
1530593192865158, 9, CLIENT_TCP_CONNECT_START
1530593192865374, 10, CLIENT_TCP_CONNECT_END
1530593192865899, 1, CLIENT_HANDSHAKE_START
1530593192871488, 7, CLIENT_EXTENDED_FINISHED_START
1530593192871488, 8, CLIENT_EXTENDED_FINISHED_END
1530593192871527, 2, CLIENT_HANDSHAKE_END
1530593192871853, 3, CLIENT_CERT_VALIDATION_START
1530593192878421, 4, CLIENT_CERT_VALIDATION_END
1530593192880061, 6, CLIENT_FETCH_HTML_END
1530593225625726, 9, CLIENT_TCP_CONNECT_START
1530593225625871, 10, CLIENT_TCP_CONNECT_END
1530593225626582, 1, CLIENT_HANDSHAKE_START
1530593225633414, 7, CLIENT_EXTENDED_FINISHED_START
1530593225633414, 8, CLIENT_EXTENDED_FINISHED_END
1530593225633455, 2, CLIENT_HANDSHAKE_END
1530593225633677, 3, CLIENT_CERT_VALIDATION_START
1530593225643619, 4, CLIENT_CERT_VALIDATION_END
1530593225645528, 6, CLIENT_FETCH_HTML_END
1530593258255537, 9, CLIENT_TCP_CONNECT_START
1530593258255676, 10, CLIENT_TCP_CONNECT_END
1530593258256328, 1, CLIENT_HANDSHAKE_START
1530593258266086, 7, CLIENT_EXTENDED_FINISHED_START
1530593258266086, 8, CLIENT_EXTENDED_FINISHED_END
1530593258266112, 2, CLIENT_HANDSHAKE_END
1530593258266263, 3, CLIENT_CERT_VALIDATION_START
1530593258273849, 4, CLIENT_CERT_VALIDATION_END
1530593258275428, 6, CLIENT_FETCH_HTML_END
1530593290926886, 9, CLIENT_TCP_CONNECT_START
1530593290927047, 10, CLIENT_TCP_CONNECT_END
1530593290927758, 1, CLIENT_HANDSHAKE_START
1530593290932282, 7, CLIENT_EXTENDED_FINISHED_START
1530593290932282, 8, CLIENT_EXTENDED_FINISHED_END
1530593290932305, 2, CLIENT_HANDSHAKE_END
1530593290932422, 3, CLIENT_CERT_VALIDATION_START
1530593290940711, 4, CLIENT_CERT_VALIDATION_END
1530593290942215, 6, CLIENT_FETCH_HTML_END
1530593323582403, 9, CLIENT_TCP_CONNECT_START
1530593323582630, 10, CLIENT_TCP_CONNECT_END
1530593323583179, 1, CLIENT_HANDSHAKE_START
1530593323589526, 7, CLIENT_EXTENDED_FINISHED_START
1530593323589526, 8, CLIENT_EXTENDED_FINISHED_END
1530593323589557, 2, CLIENT_HANDSHAKE_END
1530593323589749, 3, CLIENT_CERT_VALIDATION_START
1530593323598413, 4, CLIENT_CERT_VALIDATION_END
1530593323599833, 6, CLIENT_FETCH_HTML_END
1530593356200747, 9, CLIENT_TCP_CONNECT_START
1530593356200892, 10, CLIENT_TCP_CONNECT_END
1530593356201575, 1, CLIENT_HANDSHAKE_START
1530593356210012, 7, CLIENT_EXTENDED_FINISHED_START
1530593356210013, 8, CLIENT_EXTENDED_FINISHED_END
1530593356210042, 2, CLIENT_HANDSHAKE_END
1530593356210221, 3, CLIENT_CERT_VALIDATION_START
1530593356218293, 4, CLIENT_CERT_VALIDATION_END
1530593356220413, 6, CLIENT_FETCH_HTML_END
1530593388844419, 9, CLIENT_TCP_CONNECT_START
1530593388844534, 10, CLIENT_TCP_CONNECT_END
1530593388846665, 1, CLIENT_HANDSHAKE_START
1530593388854583, 7, CLIENT_EXTENDED_FINISHED_START
1530593388854584, 8, CLIENT_EXTENDED_FINISHED_END
1530593388854613, 2, CLIENT_HANDSHAKE_END
1530593388854801, 3, CLIENT_CERT_VALIDATION_START
1530593388864434, 4, CLIENT_CERT_VALIDATION_END
1530593388866002, 6, CLIENT_FETCH_HTML_END
1530593421476867, 9, CLIENT_TCP_CONNECT_START
1530593421477010, 10, CLIENT_TCP_CONNECT_END
1530593421477693, 1, CLIENT_HANDSHAKE_START
1530593421484835, 7, CLIENT_EXTENDED_FINISHED_START
1530593421484835, 8, CLIENT_EXTENDED_FINISHED_END
1530593421484866, 2, CLIENT_HANDSHAKE_END
1530593421485068, 3, CLIENT_CERT_VALIDATION_START
1530593421494701, 4, CLIENT_CERT_VALIDATION_END
1530593421496436, 6, CLIENT_FETCH_HTML_END
1530593454158678, 9, CLIENT_TCP_CONNECT_START
1530593454158850, 10, CLIENT_TCP_CONNECT_END
1530593454159658, 1, CLIENT_HANDSHAKE_START
1530593454165954, 7, CLIENT_EXTENDED_FINISHED_START
1530593454165954, 8, CLIENT_EXTENDED_FINISHED_END
1530593454165992, 2, CLIENT_HANDSHAKE_END
1530593454166224, 3, CLIENT_CERT_VALIDATION_START
1530593454173951, 4, CLIENT_CERT_VALIDATION_END
1530593454175794, 6, CLIENT_FETCH_HTML_END
1530593486772537, 9, CLIENT_TCP_CONNECT_START
1530593486772650, 10, CLIENT_TCP_CONNECT_END
1530593486773176, 1, CLIENT_HANDSHAKE_START
1530593486779639, 7, CLIENT_EXTENDED_FINISHED_START
1530593486779640, 8, CLIENT_EXTENDED_FINISHED_END
1530593486779681, 2, CLIENT_HANDSHAKE_END
1530593486779932, 3, CLIENT_CERT_VALIDATION_START
1530593486789054, 4, CLIENT_CERT_VALIDATION_END
1530593486791007, 6, CLIENT_FETCH_HTML_END
1530593519435032, 9, CLIENT_TCP_CONNECT_START
1530593519435162, 10, CLIENT_TCP_CONNECT_END
1530593519435788, 1, CLIENT_HANDSHAKE_START
1530593519441183, 7, CLIENT_EXTENDED_FINISHED_START
1530593519441183, 8, CLIENT_EXTENDED_FINISHED_END
1530593519441210, 2, CLIENT_HANDSHAKE_END
1530593519441379, 3, CLIENT_CERT_VALIDATION_START
1530593519449710, 4, CLIENT_CERT_VALIDATION_END
1530593519451294, 6, CLIENT_FETCH_HTML_END
1530593552070281, 9, CLIENT_TCP_CONNECT_START
1530593552070420, 10, CLIENT_TCP_CONNECT_END
1530593552071102, 1, CLIENT_HANDSHAKE_START
1530593552077459, 7, CLIENT_EXTENDED_FINISHED_START
1530593552077459, 8, CLIENT_EXTENDED_FINISHED_END
1530593552077489, 2, CLIENT_HANDSHAKE_END
1530593552077633, 3, CLIENT_CERT_VALIDATION_START
1530593552085328, 4, CLIENT_CERT_VALIDATION_END
1530593552086830, 6, CLIENT_FETCH_HTML_END
1530593584691176, 9, CLIENT_TCP_CONNECT_START
1530593584691307, 10, CLIENT_TCP_CONNECT_END
1530593584692011, 1, CLIENT_HANDSHAKE_START
1530593584698376, 7, CLIENT_EXTENDED_FINISHED_START
1530593584698376, 8, CLIENT_EXTENDED_FINISHED_END
1530593584698407, 2, CLIENT_HANDSHAKE_END
1530593584698634, 3, CLIENT_CERT_VALIDATION_START
1530593584706082, 4, CLIENT_CERT_VALIDATION_END
1530593584707988, 6, CLIENT_FETCH_HTML_END
1530593617303744, 9, CLIENT_TCP_CONNECT_START
1530593617303852, 10, CLIENT_TCP_CONNECT_END
1530593617304359, 1, CLIENT_HANDSHAKE_START
1530593617310983, 7, CLIENT_EXTENDED_FINISHED_START
1530593617310983, 8, CLIENT_EXTENDED_FINISHED_END
1530593617311009, 2, CLIENT_HANDSHAKE_END
1530593617311169, 3, CLIENT_CERT_VALIDATION_START
1530593617320052, 4, CLIENT_CERT_VALIDATION_END
1530593617321796, 6, CLIENT_FETCH_HTML_END
1530593649912659, 9, CLIENT_TCP_CONNECT_START
1530593649912798, 10, CLIENT_TCP_CONNECT_END
1530593649913443, 1, CLIENT_HANDSHAKE_START
1530593649919921, 7, CLIENT_EXTENDED_FINISHED_START
1530593649919921, 8, CLIENT_EXTENDED_FINISHED_END
1530593649919949, 2, CLIENT_HANDSHAKE_END
1530593649920115, 3, CLIENT_CERT_VALIDATION_START
1530593649926895, 4, CLIENT_CERT_VALIDATION_END
1530593649928687, 6, CLIENT_FETCH_HTML_END
1530593682554336, 9, CLIENT_TCP_CONNECT_START
1530593682554506, 10, CLIENT_TCP_CONNECT_END
1530593682556776, 1, CLIENT_HANDSHAKE_START
1530593682562076, 7, CLIENT_EXTENDED_FINISHED_START
1530593682562076, 8, CLIENT_EXTENDED_FINISHED_END
1530593682562101, 2, CLIENT_HANDSHAKE_END
1530593682562246, 3, CLIENT_CERT_VALIDATION_START
1530593682569247, 4, CLIENT_CERT_VALIDATION_END
1530593682570809, 6, CLIENT_FETCH_HTML_END
1530593715184400, 9, CLIENT_TCP_CONNECT_START
1530593715184550, 10, CLIENT_TCP_CONNECT_END
1530593715185282, 1, CLIENT_HANDSHAKE_START
1530593715191141, 7, CLIENT_EXTENDED_FINISHED_START
1530593715191141, 8, CLIENT_EXTENDED_FINISHED_END
1530593715191170, 2, CLIENT_HANDSHAKE_END
1530593715191324, 3, CLIENT_CERT_VALIDATION_START
1530593715201846, 4, CLIENT_CERT_VALIDATION_END
1530593715203545, 6, CLIENT_FETCH_HTML_END
1530593747827216, 9, CLIENT_TCP_CONNECT_START
1530593747827358, 10, CLIENT_TCP_CONNECT_END
1530593747828051, 1, CLIENT_HANDSHAKE_START
1530593747836529, 7, CLIENT_EXTENDED_FINISHED_START
1530593747836529, 8, CLIENT_EXTENDED_FINISHED_END
1530593747836547, 2, CLIENT_HANDSHAKE_END
1530593747836699, 3, CLIENT_CERT_VALIDATION_START
1530593747846127, 4, CLIENT_CERT_VALIDATION_END
1530593747847741, 6, CLIENT_FETCH_HTML_END
1530593780451582, 9, CLIENT_TCP_CONNECT_START
1530593780451708, 10, CLIENT_TCP_CONNECT_END
1530593780452338, 1, CLIENT_HANDSHAKE_START
1530593780458530, 7, CLIENT_EXTENDED_FINISHED_START
1530593780458530, 8, CLIENT_EXTENDED_FINISHED_END
1530593780458557, 2, CLIENT_HANDSHAKE_END
1530593780458733, 3, CLIENT_CERT_VALIDATION_START
1530593780464823, 4, CLIENT_CERT_VALIDATION_END
1530593780466336, 6, CLIENT_FETCH_HTML_END
1530593813070545, 9, CLIENT_TCP_CONNECT_START
1530593813070691, 10, CLIENT_TCP_CONNECT_END
1530593813071380, 1, CLIENT_HANDSHAKE_START
1530593813080344, 7, CLIENT_EXTENDED_FINISHED_START
1530593813080344, 8, CLIENT_EXTENDED_FINISHED_END
1530593813080361, 2, CLIENT_HANDSHAKE_END
1530593813080463, 3, CLIENT_CERT_VALIDATION_START
1530593813088750, 4, CLIENT_CERT_VALIDATION_END
1530593813090145, 6, CLIENT_FETCH_HTML_END
1530593845696893, 9, CLIENT_TCP_CONNECT_START
1530593845697008, 10, CLIENT_TCP_CONNECT_END
1530593845697502, 1, CLIENT_HANDSHAKE_START
1530593845703986, 7, CLIENT_EXTENDED_FINISHED_START
1530593845703986, 8, CLIENT_EXTENDED_FINISHED_END
1530593845704010, 2, CLIENT_HANDSHAKE_END
1530593845704155, 3, CLIENT_CERT_VALIDATION_START
1530593845710665, 4, CLIENT_CERT_VALIDATION_END
1530593845712117, 6, CLIENT_FETCH_HTML_END
1530593878337708, 9, CLIENT_TCP_CONNECT_START
1530593878337877, 10, CLIENT_TCP_CONNECT_END
1530593878338552, 1, CLIENT_HANDSHAKE_START
1530593878345126, 7, CLIENT_EXTENDED_FINISHED_START
1530593878345127, 8, CLIENT_EXTENDED_FINISHED_END
1530593878345167, 2, CLIENT_HANDSHAKE_END
1530593878345418, 3, CLIENT_CERT_VALIDATION_START
1530593878352411, 4, CLIENT_CERT_VALIDATION_END
1530593878353934, 6, CLIENT_FETCH_HTML_END
1530593910992362, 9, CLIENT_TCP_CONNECT_START
1530593910992499, 10, CLIENT_TCP_CONNECT_END
1530593910993142, 1, CLIENT_HANDSHAKE_START
1530593911001168, 7, CLIENT_EXTENDED_FINISHED_START
1530593911001169, 8, CLIENT_EXTENDED_FINISHED_END
1530593911001195, 2, CLIENT_HANDSHAKE_END
1530593911001343, 3, CLIENT_CERT_VALIDATION_START
1530593911010094, 4, CLIENT_CERT_VALIDATION_END
1530593911011827, 6, CLIENT_FETCH_HTML_END
1530593943650715, 9, CLIENT_TCP_CONNECT_START
1530593943650832, 10, CLIENT_TCP_CONNECT_END
1530593943651308, 1, CLIENT_HANDSHAKE_START
1530593943657568, 7, CLIENT_EXTENDED_FINISHED_START
1530593943657569, 8, CLIENT_EXTENDED_FINISHED_END
1530593943657599, 2, CLIENT_HANDSHAKE_END
1530593943657783, 3, CLIENT_CERT_VALIDATION_START
1530593943667327, 4, CLIENT_CERT_VALIDATION_END
1530593943669125, 6, CLIENT_FETCH_HTML_END
1530593976279318, 9, CLIENT_TCP_CONNECT_START
1530593976279463, 10, CLIENT_TCP_CONNECT_END
1530593976280164, 1, CLIENT_HANDSHAKE_START
1530593976288354, 7, CLIENT_EXTENDED_FINISHED_START
1530593976288354, 8, CLIENT_EXTENDED_FINISHED_END
1530593976288392, 2, CLIENT_HANDSHAKE_END
1530593976288634, 3, CLIENT_CERT_VALIDATION_START
1530593976298153, 4, CLIENT_CERT_VALIDATION_END
1530593976307846, 6, CLIENT_FETCH_HTML_END
1530594008898674, 9, CLIENT_TCP_CONNECT_START
1530594008898799, 10, CLIENT_TCP_CONNECT_END
1530594008899418, 1, CLIENT_HANDSHAKE_START
1530594008906360, 7, CLIENT_EXTENDED_FINISHED_START
1530594008906360, 8, CLIENT_EXTENDED_FINISHED_END
1530594008906399, 2, CLIENT_HANDSHAKE_END
1530594008906660, 3, CLIENT_CERT_VALIDATION_START
1530594008914704, 4, CLIENT_CERT_VALIDATION_END
1530594008916116, 6, CLIENT_FETCH_HTML_END
1530594041548093, 9, CLIENT_TCP_CONNECT_START
1530594041548235, 10, CLIENT_TCP_CONNECT_END
1530594041550449, 1, CLIENT_HANDSHAKE_START
1530594041557626, 7, CLIENT_EXTENDED_FINISHED_START
1530594041557626, 8, CLIENT_EXTENDED_FINISHED_END
1530594041557651, 2, CLIENT_HANDSHAKE_END
1530594041557798, 3, CLIENT_CERT_VALIDATION_START
1530594041566441, 4, CLIENT_CERT_VALIDATION_END
1530594041567862, 6, CLIENT_FETCH_HTML_END
1530594074180713, 9, CLIENT_TCP_CONNECT_START
1530594074180962, 10, CLIENT_TCP_CONNECT_END
1530594074181571, 1, CLIENT_HANDSHAKE_START
1530594074186867, 7, CLIENT_EXTENDED_FINISHED_START
1530594074186867, 8, CLIENT_EXTENDED_FINISHED_END
1530594074186886, 2, CLIENT_HANDSHAKE_END
1530594074186993, 3, CLIENT_CERT_VALIDATION_START
1530594074195774, 4, CLIENT_CERT_VALIDATION_END
1530594074197501, 6, CLIENT_FETCH_HTML_END
1530594106823929, 9, CLIENT_TCP_CONNECT_START
1530594106824069, 10, CLIENT_TCP_CONNECT_END
1530594106824740, 1, CLIENT_HANDSHAKE_START
1530594106831766, 7, CLIENT_EXTENDED_FINISHED_START
1530594106831766, 8, CLIENT_EXTENDED_FINISHED_END
1530594106831814, 2, CLIENT_HANDSHAKE_END
1530594106832051, 3, CLIENT_CERT_VALIDATION_START
1530594106840926, 4, CLIENT_CERT_VALIDATION_END
1530594106842325, 6, CLIENT_FETCH_HTML_END
1530594139436808, 9, CLIENT_TCP_CONNECT_START
1530594139436925, 10, CLIENT_TCP_CONNECT_END
1530594139437450, 1, CLIENT_HANDSHAKE_START
1530594139443672, 7, CLIENT_EXTENDED_FINISHED_START
1530594139443672, 8, CLIENT_EXTENDED_FINISHED_END
1530594139443712, 2, CLIENT_HANDSHAKE_END
1530594139443964, 3, CLIENT_CERT_VALIDATION_START
1530594139450810, 4, CLIENT_CERT_VALIDATION_END
1530594139452316, 6, CLIENT_FETCH_HTML_END
1530594172069506, 9, CLIENT_TCP_CONNECT_START
1530594172069647, 10, CLIENT_TCP_CONNECT_END
1530594172070267, 1, CLIENT_HANDSHAKE_START
1530594172076050, 7, CLIENT_EXTENDED_FINISHED_START
1530594172076050, 8, CLIENT_EXTENDED_FINISHED_END
1530594172076072, 2, CLIENT_HANDSHAKE_END
1530594172076244, 3, CLIENT_CERT_VALIDATION_START
1530594172082897, 4, CLIENT_CERT_VALIDATION_END
1530594172085848, 6, CLIENT_FETCH_HTML_END
1530594204683466, 9, CLIENT_TCP_CONNECT_START
1530594204683617, 10, CLIENT_TCP_CONNECT_END
1530594204684333, 1, CLIENT_HANDSHAKE_START
1530594204691524, 7, CLIENT_EXTENDED_FINISHED_START
1530594204691525, 8, CLIENT_EXTENDED_FINISHED_END
1530594204691549, 2, CLIENT_HANDSHAKE_END
1530594204691694, 3, CLIENT_CERT_VALIDATION_START
1530594204699549, 4, CLIENT_CERT_VALIDATION_END
1530594204701018, 6, CLIENT_FETCH_HTML_END
1530594237338172, 9, CLIENT_TCP_CONNECT_START
1530594237338318, 10, CLIENT_TCP_CONNECT_END
1530594237339035, 1, CLIENT_HANDSHAKE_START
1530594237348147, 7, CLIENT_EXTENDED_FINISHED_START
1530594237348147, 8, CLIENT_EXTENDED_FINISHED_END
1530594237348177, 2, CLIENT_HANDSHAKE_END
1530594237348357, 3, CLIENT_CERT_VALIDATION_START
1530594237356171, 4, CLIENT_CERT_VALIDATION_END
1530594237358105, 6, CLIENT_FETCH_HTML_END
1530594269964921, 9, CLIENT_TCP_CONNECT_START
1530594269965038, 10, CLIENT_TCP_CONNECT_END
1530594269965560, 1, CLIENT_HANDSHAKE_START
1530594269972481, 7, CLIENT_EXTENDED_FINISHED_START
1530594269972481, 8, CLIENT_EXTENDED_FINISHED_END
1530594269972509, 2, CLIENT_HANDSHAKE_END
1530594269972683, 3, CLIENT_CERT_VALIDATION_START
1530594269979295, 4, CLIENT_CERT_VALIDATION_END
1530594269981042, 6, CLIENT_FETCH_HTML_END
1530594302592789, 9, CLIENT_TCP_CONNECT_START
1530594302592925, 10, CLIENT_TCP_CONNECT_END
1530594302593602, 1, CLIENT_HANDSHAKE_START
1530594302602294, 7, CLIENT_EXTENDED_FINISHED_START
1530594302602294, 8, CLIENT_EXTENDED_FINISHED_END
1530594302602329, 2, CLIENT_HANDSHAKE_END
1530594302602475, 3, CLIENT_CERT_VALIDATION_START
1530594302609779, 4, CLIENT_CERT_VALIDATION_END
1530594302611299, 6, CLIENT_FETCH_HTML_END
1530594335223278, 9, CLIENT_TCP_CONNECT_START
1530594335223423, 10, CLIENT_TCP_CONNECT_END
1530594335224108, 1, CLIENT_HANDSHAKE_START
1530594335231200, 7, CLIENT_EXTENDED_FINISHED_START
1530594335231200, 8, CLIENT_EXTENDED_FINISHED_END
1530594335231231, 2, CLIENT_HANDSHAKE_END
1530594335231421, 3, CLIENT_CERT_VALIDATION_START
1530594335240297, 4, CLIENT_CERT_VALIDATION_END
1530594335242083, 6, CLIENT_FETCH_HTML_END
1530594367884916, 9, CLIENT_TCP_CONNECT_START
1530594367885030, 10, CLIENT_TCP_CONNECT_END
1530594367885527, 1, CLIENT_HANDSHAKE_START
1530594367891928, 7, CLIENT_EXTENDED_FINISHED_START
1530594367891928, 8, CLIENT_EXTENDED_FINISHED_END
1530594367891970, 2, CLIENT_HANDSHAKE_END
1530594367892245, 3, CLIENT_CERT_VALIDATION_START
1530594367901479, 4, CLIENT_CERT_VALIDATION_END
1530594367903163, 6, CLIENT_FETCH_HTML_END
1530594400501849, 9, CLIENT_TCP_CONNECT_START
1530594400502010, 10, CLIENT_TCP_CONNECT_END
1530594400502742, 1, CLIENT_HANDSHAKE_START
1530594400508402, 7, CLIENT_EXTENDED_FINISHED_START
1530594400508403, 8, CLIENT_EXTENDED_FINISHED_END
1530594400508434, 2, CLIENT_HANDSHAKE_END
1530594400508617, 3, CLIENT_CERT_VALIDATION_START
1530594400517605, 4, CLIENT_CERT_VALIDATION_END
1530594400519245, 6, CLIENT_FETCH_HTML_END
1530594433163272, 9, CLIENT_TCP_CONNECT_START
1530594433163423, 10, CLIENT_TCP_CONNECT_END
1530594433164077, 1, CLIENT_HANDSHAKE_START
1530594433170930, 7, CLIENT_EXTENDED_FINISHED_START
1530594433170930, 8, CLIENT_EXTENDED_FINISHED_END
1530594433170958, 2, CLIENT_HANDSHAKE_END
1530594433171120, 3, CLIENT_CERT_VALIDATION_START
1530594433181453, 4, CLIENT_CERT_VALIDATION_END
1530594433183388, 6, CLIENT_FETCH_HTML_END
1530594465818760, 9, CLIENT_TCP_CONNECT_START
1530594465818872, 10, CLIENT_TCP_CONNECT_END
1530594465820858, 1, CLIENT_HANDSHAKE_START
1530594465826936, 7, CLIENT_EXTENDED_FINISHED_START
1530594465826936, 8, CLIENT_EXTENDED_FINISHED_END
1530594465826958, 2, CLIENT_HANDSHAKE_END
1530594465827092, 3, CLIENT_CERT_VALIDATION_START
1530594465834472, 4, CLIENT_CERT_VALIDATION_END
1530594465836000, 6, CLIENT_FETCH_HTML_END
1530594498477887, 9, CLIENT_TCP_CONNECT_START
1530594498478039, 10, CLIENT_TCP_CONNECT_END
1530594498478803, 1, CLIENT_HANDSHAKE_START
1530594498486165, 7, CLIENT_EXTENDED_FINISHED_START
1530594498486165, 8, CLIENT_EXTENDED_FINISHED_END
1530594498486201, 2, CLIENT_HANDSHAKE_END
1530594498486424, 3, CLIENT_CERT_VALIDATION_START
1530594498494597, 4, CLIENT_CERT_VALIDATION_END
1530594498496536, 6, CLIENT_FETCH_HTML_END
1530594531135505, 9, CLIENT_TCP_CONNECT_START
1530594531135650, 10, CLIENT_TCP_CONNECT_END
1530594531136348, 1, CLIENT_HANDSHAKE_START
1530594531144864, 7, CLIENT_EXTENDED_FINISHED_START
1530594531144864, 8, CLIENT_EXTENDED_FINISHED_END
1530594531144895, 2, CLIENT_HANDSHAKE_END
1530594531145058, 3, CLIENT_CERT_VALIDATION_START
1530594531154090, 4, CLIENT_CERT_VALIDATION_END
1530594531155912, 6, CLIENT_FETCH_HTML_END
1530594563781651, 9, CLIENT_TCP_CONNECT_START
1530594563781784, 10, CLIENT_TCP_CONNECT_END
1530594563782413, 1, CLIENT_HANDSHAKE_START
1530594563789976, 7, CLIENT_EXTENDED_FINISHED_START
1530594563789976, 8, CLIENT_EXTENDED_FINISHED_END
1530594563790009, 2, CLIENT_HANDSHAKE_END
1530594563790181, 3, CLIENT_CERT_VALIDATION_START
1530594563798521, 4, CLIENT_CERT_VALIDATION_END
1530594563800170, 6, CLIENT_FETCH_HTML_END
1530594596460488, 9, CLIENT_TCP_CONNECT_START
1530594596460679, 10, CLIENT_TCP_CONNECT_END
1530594596461168, 1, CLIENT_HANDSHAKE_START
1530594596467357, 7, CLIENT_EXTENDED_FINISHED_START
1530594596467358, 8, CLIENT_EXTENDED_FINISHED_END
1530594596467398, 2, CLIENT_HANDSHAKE_END
1530594596467641, 3, CLIENT_CERT_VALIDATION_START
1530594596476370, 4, CLIENT_CERT_VALIDATION_END
1530594596478233, 6, CLIENT_FETCH_HTML_END
1530594629044184, 9, CLIENT_TCP_CONNECT_START
1530594629044327, 10, CLIENT_TCP_CONNECT_END
1530594629045033, 1, CLIENT_HANDSHAKE_START
1530594629053285, 7, CLIENT_EXTENDED_FINISHED_START
1530594629053285, 8, CLIENT_EXTENDED_FINISHED_END
1530594629053307, 2, CLIENT_HANDSHAKE_END
1530594629053443, 3, CLIENT_CERT_VALIDATION_START
1530594629060069, 4, CLIENT_CERT_VALIDATION_END
1530594629061682, 6, CLIENT_FETCH_HTML_END
1530594661680485, 9, CLIENT_TCP_CONNECT_START
1530594661680617, 10, CLIENT_TCP_CONNECT_END
1530594661681234, 1, CLIENT_HANDSHAKE_START
1530594661687880, 7, CLIENT_EXTENDED_FINISHED_START
1530594661687881, 8, CLIENT_EXTENDED_FINISHED_END
1530594661687905, 2, CLIENT_HANDSHAKE_END
1530594661688049, 3, CLIENT_CERT_VALIDATION_START
1530594661696876, 4, CLIENT_CERT_VALIDATION_END
1530594661698317, 6, CLIENT_FETCH_HTML_END
1530594694280994, 9, CLIENT_TCP_CONNECT_START
1530594694281092, 10, CLIENT_TCP_CONNECT_END
1530594694281555, 1, CLIENT_HANDSHAKE_START
1530594694289208, 7, CLIENT_EXTENDED_FINISHED_START
1530594694289209, 8, CLIENT_EXTENDED_FINISHED_END
1530594694289236, 2, CLIENT_HANDSHAKE_END
1530594694289412, 3, CLIENT_CERT_VALIDATION_START
1530594694295287, 4, CLIENT_CERT_VALIDATION_END
1530594694297109, 6, CLIENT_FETCH_HTML_END
1530594726929273, 9, CLIENT_TCP_CONNECT_START
1530594726929386, 10, CLIENT_TCP_CONNECT_END
1530594726931505, 1, CLIENT_HANDSHAKE_START
1530594726939277, 7, CLIENT_EXTENDED_FINISHED_START
1530594726939277, 8, CLIENT_EXTENDED_FINISHED_END
1530594726939303, 2, CLIENT_HANDSHAKE_END
1530594726939455, 3, CLIENT_CERT_VALIDATION_START
1530594726948784, 4, CLIENT_CERT_VALIDATION_END
1530594726950220, 6, CLIENT_FETCH_HTML_END
1530594759603277, 9, CLIENT_TCP_CONNECT_START
1530594759603444, 10, CLIENT_TCP_CONNECT_END
1530594759604068, 1, CLIENT_HANDSHAKE_START
1530594759611023, 7, CLIENT_EXTENDED_FINISHED_START
1530594759611023, 8, CLIENT_EXTENDED_FINISHED_END
1530594759611063, 2, CLIENT_HANDSHAKE_END
1530594759611306, 3, CLIENT_CERT_VALIDATION_START
1530594759621277, 4, CLIENT_CERT_VALIDATION_END
1530594759623153, 6, CLIENT_FETCH_HTML_END
1530594792239416, 9, CLIENT_TCP_CONNECT_START
1530594792239544, 10, CLIENT_TCP_CONNECT_END
1530594792240153, 1, CLIENT_HANDSHAKE_START
1530594792247289, 7, CLIENT_EXTENDED_FINISHED_START
1530594792247289, 8, CLIENT_EXTENDED_FINISHED_END
1530594792247310, 2, CLIENT_HANDSHAKE_END
1530594792247478, 3, CLIENT_CERT_VALIDATION_START
1530594792256361, 4, CLIENT_CERT_VALIDATION_END
1530594792257898, 6, CLIENT_FETCH_HTML_END
1530594824891080, 9, CLIENT_TCP_CONNECT_START
1530594824891226, 10, CLIENT_TCP_CONNECT_END
1530594824891912, 1, CLIENT_HANDSHAKE_START
1530594824899342, 7, CLIENT_EXTENDED_FINISHED_START
1530594824899342, 8, CLIENT_EXTENDED_FINISHED_END
1530594824899381, 2, CLIENT_HANDSHAKE_END
1530594824899621, 3, CLIENT_CERT_VALIDATION_START
1530594824907068, 4, CLIENT_CERT_VALIDATION_END
1530594824908642, 6, CLIENT_FETCH_HTML_END
1530594857530325, 9, CLIENT_TCP_CONNECT_START
1530594857530445, 10, CLIENT_TCP_CONNECT_END
1530594857531019, 1, CLIENT_HANDSHAKE_START
1530594857537642, 7, CLIENT_EXTENDED_FINISHED_START
1530594857537642, 8, CLIENT_EXTENDED_FINISHED_END
1530594857537681, 2, CLIENT_HANDSHAKE_END
1530594857538044, 3, CLIENT_CERT_VALIDATION_START
1530594857547270, 4, CLIENT_CERT_VALIDATION_END
1530594857549191, 6, CLIENT_FETCH_HTML_END
1530594890190746, 9, CLIENT_TCP_CONNECT_START
1530594890190865, 10, CLIENT_TCP_CONNECT_END
1530594890191394, 1, CLIENT_HANDSHAKE_START
1530594890199389, 7, CLIENT_EXTENDED_FINISHED_START
1530594890199389, 8, CLIENT_EXTENDED_FINISHED_END
1530594890199423, 2, CLIENT_HANDSHAKE_END
1530594890199617, 3, CLIENT_CERT_VALIDATION_START
1530594890209368, 4, CLIENT_CERT_VALIDATION_END
1530594890211236, 6, CLIENT_FETCH_HTML_END
1530594922831213, 9, CLIENT_TCP_CONNECT_START
1530594922831373, 10, CLIENT_TCP_CONNECT_END
1530594922832079, 1, CLIENT_HANDSHAKE_START
1530594922839125, 7, CLIENT_EXTENDED_FINISHED_START
1530594922839125, 8, CLIENT_EXTENDED_FINISHED_END
1530594922839150, 2, CLIENT_HANDSHAKE_END
1530594922839296, 3, CLIENT_CERT_VALIDATION_START
1530594922847150, 4, CLIENT_CERT_VALIDATION_END
1530594922849011, 6, CLIENT_FETCH_HTML_END
1530594955504418, 9, CLIENT_TCP_CONNECT_START
1530594955504529, 10, CLIENT_TCP_CONNECT_END
1530594955505043, 1, CLIENT_HANDSHAKE_START
1530594955510863, 7, CLIENT_EXTENDED_FINISHED_START
1530594955510864, 8, CLIENT_EXTENDED_FINISHED_END
1530594955510890, 2, CLIENT_HANDSHAKE_END
1530594955511012, 3, CLIENT_CERT_VALIDATION_START
1530594955520910, 4, CLIENT_CERT_VALIDATION_END
1530594955522705, 6, CLIENT_FETCH_HTML_END
1530594988128179, 9, CLIENT_TCP_CONNECT_START
1530594988128316, 10, CLIENT_TCP_CONNECT_END
1530594988128983, 1, CLIENT_HANDSHAKE_START
1530594988136955, 7, CLIENT_EXTENDED_FINISHED_START
1530594988136955, 8, CLIENT_EXTENDED_FINISHED_END
1530594988136990, 2, CLIENT_HANDSHAKE_END
1530594988137167, 3, CLIENT_CERT_VALIDATION_START
1530594988146730, 4, CLIENT_CERT_VALIDATION_END
1530594988148337, 6, CLIENT_FETCH_HTML_END
1530595020791589, 9, CLIENT_TCP_CONNECT_START
1530595020791694, 10, CLIENT_TCP_CONNECT_END
1530595020792259, 1, CLIENT_HANDSHAKE_START
1530595020797999, 7, CLIENT_EXTENDED_FINISHED_START
1530595020798000, 8, CLIENT_EXTENDED_FINISHED_END
1530595020798018, 2, CLIENT_HANDSHAKE_END
1530595020798155, 3, CLIENT_CERT_VALIDATION_START
1530595020808905, 4, CLIENT_CERT_VALIDATION_END
1530595020810510, 6, CLIENT_FETCH_HTML_END
1530595053472962, 9, CLIENT_TCP_CONNECT_START
1530595053473186, 10, CLIENT_TCP_CONNECT_END
1530595053473788, 1, CLIENT_HANDSHAKE_START
1530595053481581, 7, CLIENT_EXTENDED_FINISHED_START
1530595053481581, 8, CLIENT_EXTENDED_FINISHED_END
1530595053481624, 2, CLIENT_HANDSHAKE_END
1530595053481839, 3, CLIENT_CERT_VALIDATION_START
1530595053491256, 4, CLIENT_CERT_VALIDATION_END
1530595053492752, 6, CLIENT_FETCH_HTML_END
1530595086124286, 9, CLIENT_TCP_CONNECT_START
1530595086124427, 10, CLIENT_TCP_CONNECT_END
1530595086125085, 1, CLIENT_HANDSHAKE_START
1530595086131752, 7, CLIENT_EXTENDED_FINISHED_START
1530595086131752, 8, CLIENT_EXTENDED_FINISHED_END
1530595086131777, 2, CLIENT_HANDSHAKE_END
1530595086131920, 3, CLIENT_CERT_VALIDATION_START
1530595086138950, 4, CLIENT_CERT_VALIDATION_END
1530595086140222, 6, CLIENT_FETCH_HTML_END
1530595118775338, 9, CLIENT_TCP_CONNECT_START
1530595118775471, 10, CLIENT_TCP_CONNECT_END
1530595118776078, 1, CLIENT_HANDSHAKE_START
1530595118782336, 7, CLIENT_EXTENDED_FINISHED_START
1530595118782336, 8, CLIENT_EXTENDED_FINISHED_END
1530595118782367, 2, CLIENT_HANDSHAKE_END
1530595118782544, 3, CLIENT_CERT_VALIDATION_START
1530595118790905, 4, CLIENT_CERT_VALIDATION_END
1530595118792470, 6, CLIENT_FETCH_HTML_END
1530595151386287, 9, CLIENT_TCP_CONNECT_START
1530595151386420, 10, CLIENT_TCP_CONNECT_END
1530595151387091, 1, CLIENT_HANDSHAKE_START
1530595151393815, 7, CLIENT_EXTENDED_FINISHED_START
1530595151393816, 8, CLIENT_EXTENDED_FINISHED_END
1530595151393852, 2, CLIENT_HANDSHAKE_END
1530595151394032, 3, CLIENT_CERT_VALIDATION_START
1530595151402956, 4, CLIENT_CERT_VALIDATION_END
1530595151404749, 6, CLIENT_FETCH_HTML_END
1530595184015405, 9, CLIENT_TCP_CONNECT_START
1530595184015564, 10, CLIENT_TCP_CONNECT_END
1530595184016252, 1, CLIENT_HANDSHAKE_START
1530595184023402, 7, CLIENT_EXTENDED_FINISHED_START
1530595184023402, 8, CLIENT_EXTENDED_FINISHED_END
1530595184023439, 2, CLIENT_HANDSHAKE_END
1530595184023615, 3, CLIENT_CERT_VALIDATION_START
1530595184030511, 4, CLIENT_CERT_VALIDATION_END
1530595184032369, 6, CLIENT_FETCH_HTML_END
1530595216641939, 9, CLIENT_TCP_CONNECT_START
1530595216642058, 10, CLIENT_TCP_CONNECT_END
1530595216642647, 1, CLIENT_HANDSHAKE_START
1530595216648605, 7, CLIENT_EXTENDED_FINISHED_START
1530595216648606, 8, CLIENT_EXTENDED_FINISHED_END
1530595216648651, 2, CLIENT_HANDSHAKE_END
1530595216648890, 3, CLIENT_CERT_VALIDATION_START
1530595216658177, 4, CLIENT_CERT_VALIDATION_END
1530595216659547, 6, CLIENT_FETCH_HTML_END
1530595249305417, 9, CLIENT_TCP_CONNECT_START
1530595249305532, 10, CLIENT_TCP_CONNECT_END
1530595249306056, 1, CLIENT_HANDSHAKE_START
1530595249312424, 7, CLIENT_EXTENDED_FINISHED_START
1530595249312424, 8, CLIENT_EXTENDED_FINISHED_END
1530595249312455, 2, CLIENT_HANDSHAKE_END
1530595249312641, 3, CLIENT_CERT_VALIDATION_START
1530595249322844, 4, CLIENT_CERT_VALIDATION_END
1530595249324366, 6, CLIENT_FETCH_HTML_END
1530595281915723, 9, CLIENT_TCP_CONNECT_START
1530595281915864, 10, CLIENT_TCP_CONNECT_END
1530595281916542, 1, CLIENT_HANDSHAKE_START
1530595281923571, 7, CLIENT_EXTENDED_FINISHED_START
1530595281923572, 8, CLIENT_EXTENDED_FINISHED_END
1530595281923602, 2, CLIENT_HANDSHAKE_END
1530595281923789, 3, CLIENT_CERT_VALIDATION_START
1530595281932296, 4, CLIENT_CERT_VALIDATION_END
1530595281933770, 6, CLIENT_FETCH_HTML_END
1530595314551452, 9, CLIENT_TCP_CONNECT_START
1530595314551582, 10, CLIENT_TCP_CONNECT_END
1530595314553771, 1, CLIENT_HANDSHAKE_START
1530595314560754, 7, CLIENT_EXTENDED_FINISHED_START
1530595314560754, 8, CLIENT_EXTENDED_FINISHED_END
1530595314560783, 2, CLIENT_HANDSHAKE_END
1530595314560915, 3, CLIENT_CERT_VALIDATION_START
1530595314569443, 4, CLIENT_CERT_VALIDATION_END
1530595314571240, 6, CLIENT_FETCH_HTML_END
1530595347167330, 9, CLIENT_TCP_CONNECT_START
1530595347167468, 10, CLIENT_TCP_CONNECT_END
1530595347168136, 1, CLIENT_HANDSHAKE_START
1530595347177136, 7, CLIENT_EXTENDED_FINISHED_START
1530595347177137, 8, CLIENT_EXTENDED_FINISHED_END
1530595347177163, 2, CLIENT_HANDSHAKE_END
1530595347177290, 3, CLIENT_CERT_VALIDATION_START
1530595347185977, 4, CLIENT_CERT_VALIDATION_END
1530595347187606, 6, CLIENT_FETCH_HTML_END
1530595379861840, 9, CLIENT_TCP_CONNECT_START
1530595379862000, 10, CLIENT_TCP_CONNECT_END
1530595379862721, 1, CLIENT_HANDSHAKE_START
1530595379869074, 7, CLIENT_EXTENDED_FINISHED_START
1530595379869074, 8, CLIENT_EXTENDED_FINISHED_END
1530595379869110, 2, CLIENT_HANDSHAKE_END
1530595379869267, 3, CLIENT_CERT_VALIDATION_START
1530595379878532, 4, CLIENT_CERT_VALIDATION_END
1530595379880159, 6, CLIENT_FETCH_HTML_END
1530595412521328, 9, CLIENT_TCP_CONNECT_START
1530595412521462, 10, CLIENT_TCP_CONNECT_END
1530595412523727, 1, CLIENT_HANDSHAKE_START
1530595412529737, 7, CLIENT_EXTENDED_FINISHED_START
1530595412529737, 8, CLIENT_EXTENDED_FINISHED_END
1530595412529775, 2, CLIENT_HANDSHAKE_END
1530595412530006, 3, CLIENT_CERT_VALIDATION_START
1530595412538708, 4, CLIENT_CERT_VALIDATION_END
1530595412540540, 6, CLIENT_FETCH_HTML_END
1530595445152345, 9, CLIENT_TCP_CONNECT_START
1530595445152509, 10, CLIENT_TCP_CONNECT_END
1530595445153211, 1, CLIENT_HANDSHAKE_START
1530595445158642, 7, CLIENT_EXTENDED_FINISHED_START
1530595445158642, 8, CLIENT_EXTENDED_FINISHED_END
1530595445158672, 2, CLIENT_HANDSHAKE_END
1530595445158859, 3, CLIENT_CERT_VALIDATION_START
1530595445166522, 4, CLIENT_CERT_VALIDATION_END
1530595445168428, 6, CLIENT_FETCH_HTML_END
