1531730988263308, 0, CLIENT_HANDSHAKE_START
1531730988261576, 8, CLIENT_TCP_CONNECT_START
1531730988261803, 9, CLIENT_TCP_CONNECT_END
1531730988263317, 30, CLIENT_CONNECT_START
1531730988263374, 31, CLIENT_CLIENT_HELLO_START
1531730988263485, 32, CLIENT_CLIENT_HELLO_END
1531730988263497, 33, CLIENT_SERVER_HELLO_START
1531730988383633, 34, CLIENT_SERVER_HELLO_END
1531730988263394, 60, CLIENT_CLIENT_HELLO_1S
1531730988263394, 61, CLIENT_CLIENT_HELLO_1E
1531731365138633, 0, CLIENT_HANDSHAKE_START
1531731365137014, 8, CLIENT_TCP_CONNECT_START
1531731365137124, 9, CLIENT_TCP_CONNECT_END
1531731365138645, 30, CLIENT_CONNECT_START
1531731365138703, 31, CLIENT_CLIENT_HELLO_START
1531731365138791, 32, CLIENT_CLIENT_HELLO_END
1531731365138803, 33, CLIENT_SERVER_HELLO_START
1531731365262762, 34, CLIENT_SERVER_HELLO_END
1531731365138723, 60, CLIENT_CLIENT_HELLO_1S
1531731365138724, 61, CLIENT_CLIENT_HELLO_1E
1531731558990153, 0, CLIENT_HANDSHAKE_START
1531731558988531, 8, CLIENT_TCP_CONNECT_START
1531731558988640, 9, CLIENT_TCP_CONNECT_END
1531731558990165, 30, CLIENT_CONNECT_START
1531731558990224, 31, CLIENT_CLIENT_HELLO_START
1531731558990405, 32, CLIENT_CLIENT_HELLO_END
1531731558990411, 33, CLIENT_SERVER_HELLO_START
1531731559113890, 34, CLIENT_SERVER_HELLO_END
1531731558990267, 60, CLIENT_CLIENT_HELLO_1S
1531731558990304, 61, CLIENT_CLIENT_HELLO_1E
1531731634590184, 0, CLIENT_HANDSHAKE_START
1531731634588674, 8, CLIENT_TCP_CONNECT_START
1531731634588804, 9, CLIENT_TCP_CONNECT_END
1531731634590192, 30, CLIENT_CONNECT_START
1531731634590234, 31, CLIENT_CLIENT_HELLO_START
1531731634590372, 32, CLIENT_CLIENT_HELLO_END
1531731634590380, 33, CLIENT_SERVER_HELLO_START
1531731634709516, 34, CLIENT_SERVER_HELLO_END
1531731634590261, 60, CLIENT_CLIENT_HELLO_1S
1531731634590268, 61, CLIENT_CLIENT_HELLO_1E
1531731943258370, 0, CLIENT_HANDSHAKE_START
1531731943257913, 8, CLIENT_TCP_CONNECT_START
1531731943257946, 9, CLIENT_TCP_CONNECT_END
1531731943258372, 30, CLIENT_CONNECT_START
1531731943258387, 31, CLIENT_CLIENT_HELLO_START
1531731943258420, 32, CLIENT_CLIENT_HELLO_END
1531731943258421, 33, CLIENT_SERVER_HELLO_START
1531731943351227, 34, CLIENT_SERVER_HELLO_END
1531731943258397, 60, CLIENT_CLIENT_HELLO_1S
1531731943258400, 61, CLIENT_CLIENT_HELLO_1E
