1531707370084750, 0, CLIENT_HANDSHAKE_START
1531707370099891, 1, CLIENT_HANDSHAKE_END
1531707370088032, 2, CLIENT_CERT_VALIDATION_START
1531707370088284, 3, CLIENT_CERT_VALIDATION_END
1531707370099913, 4, CLIENT_FETCH_HTML_START
1531707370100296, 5, CLIENT_FETCH_HTML_END
1531707370099649, 6, CLIENT_EXTENDED_FINISHED_START
1531707370099851, 7, CLIENT_EXTENDED_FINISHED_END
1531707370083112, 8, CLIENT_TCP_CONNECT_START
1531707370083240, 9, CLIENT_TCP_CONNECT_END
1531707370100257, 10, CLIENT_MODIFICATION_RECORD_START
1531707370100276, 11, CLIENT_MODIFICATION_RECORD_END
1531707370084759, 30, CLIENT_CONNECT_START
1531707370084823, 31, CLIENT_CLIENT_HELLO_START
1531707370084983, 32, CLIENT_CLIENT_HELLO_END
1531707370084992, 33, CLIENT_SERVER_HELLO_START
1531707370088022, 34, CLIENT_SERVER_HELLO_END
1531707370088032, 35, CLIENT_SERVER_CERTIFICATE_START
1531707370088298, 36, CLIENT_SERVER_CERTIFICATE_END
1531707370088421, 39, CLIENT_SERVER_HELLO_DONE_START
1531707370088421, 40, CLIENT_SERVER_HELLO_DONE_END
1531707370088432, 41, CLIENT_CLIENT_KEY_EXCHANGE_START
1531707370088785, 42, CLIENT_CLIENT_KEY_EXCHANGE_END
1531707370088710, 43, CLIENT_CLIENT_CCS_START
1531707370088797, 45, CLIENT_CLIENT_FINISHED_START
1531707370088837, 46, CLIENT_CLIENT_FINISHED_END
1531707370099528, 51, CLIENT_SERVER_FINISHED_START
1531707370099649, 52, CLIENT_SERVER_FINISHED_END
1531707370099649, 53, CLIENT_SERVER_EXTENDED_FINISHED_START
1531707370099875, 54, CLIENT_SERVER_EXTENDED_FINISHED_END
1531707370084844, 60, CLIENT_CLIENT_HELLO_1S
1531707370084844, 61, CLIENT_CLIENT_HELLO_1E
1531707370084871, 62, CLIENT_CLIENT_HELLO_2S
1531707370084871, 63, CLIENT_CLIENT_HELLO_2E
1531707370084888, 64, CLIENT_CLIENT_HELLO_3S
1531707370084888, 65, CLIENT_CLIENT_HELLO_3E
1531707370084904, 66, CLIENT_CLIENT_HELLO_4S
1531707370084905, 67, CLIENT_CLIENT_HELLO_4E
1531707370086655, 100, CLIENT_SERVER_HELLO_1S
1531707370086655, 101, CLIENT_SERVER_HELLO_1E
1531707370086675, 102, CLIENT_SERVER_HELLO_2S
1531707370086682, 103, CLIENT_SERVER_HELLO_2E
1531707370086688, 104, CLIENT_SERVER_HELLO_3S
1531707370087941, 105, CLIENT_SERVER_HELLO_3E
1531707370087951, 106, CLIENT_SERVER_HELLO_4S
1531707370088009, 107, CLIENT_SERVER_HELLO_4E
1531709782281205, 0, CLIENT_HANDSHAKE_START
1531709782297237, 1, CLIENT_HANDSHAKE_END
1531709782285129, 2, CLIENT_CERT_VALIDATION_START
1531709782285577, 3, CLIENT_CERT_VALIDATION_END
1531709782297258, 4, CLIENT_FETCH_HTML_START
1531709782297506, 5, CLIENT_FETCH_HTML_END
1531709782297010, 6, CLIENT_EXTENDED_FINISHED_START
1531709782297203, 7, CLIENT_EXTENDED_FINISHED_END
1531709782279620, 8, CLIENT_TCP_CONNECT_START
1531709782279732, 9, CLIENT_TCP_CONNECT_END
1531709782297458, 10, CLIENT_MODIFICATION_RECORD_START
1531709782297476, 11, CLIENT_MODIFICATION_RECORD_END
1531709782281214, 30, CLIENT_CONNECT_START
1531709782281274, 31, CLIENT_CLIENT_HELLO_START
1531709782281388, 32, CLIENT_CLIENT_HELLO_END
1531709782281399, 33, CLIENT_SERVER_HELLO_START
1531709782285122, 34, CLIENT_SERVER_HELLO_END
1531709782285129, 35, CLIENT_SERVER_CERTIFICATE_START
1531709782285592, 36, CLIENT_SERVER_CERTIFICATE_END
1531709782285650, 39, CLIENT_SERVER_HELLO_DONE_START
1531709782285650, 40, CLIENT_SERVER_HELLO_DONE_END
1531709782285658, 41, CLIENT_CLIENT_KEY_EXCHANGE_START
1531709782286004, 42, CLIENT_CLIENT_KEY_EXCHANGE_END
1531709782285929, 43, CLIENT_CLIENT_CCS_START
1531709782286015, 45, CLIENT_CLIENT_FINISHED_START
1531709782286058, 46, CLIENT_CLIENT_FINISHED_END
1531709782296892, 51, CLIENT_SERVER_FINISHED_START
1531709782297010, 52, CLIENT_SERVER_FINISHED_END
1531709782297010, 53, CLIENT_SERVER_EXTENDED_FINISHED_START
1531709782297221, 54, CLIENT_SERVER_EXTENDED_FINISHED_END
1531709782281299, 60, CLIENT_CLIENT_HELLO_1S
1531709782281300, 61, CLIENT_CLIENT_HELLO_1E
1531709782281312, 62, CLIENT_CLIENT_HELLO_2S
1531709782281312, 63, CLIENT_CLIENT_HELLO_2E
1531709782281317, 64, CLIENT_CLIENT_HELLO_3S
1531709782281317, 65, CLIENT_CLIENT_HELLO_3E
1531709782281322, 66, CLIENT_CLIENT_HELLO_4S
1531709782281322, 67, CLIENT_CLIENT_HELLO_4E
1531709782283735, 100, CLIENT_SERVER_HELLO_1S
1531709782283735, 101, CLIENT_SERVER_HELLO_1E
1531709782283754, 102, CLIENT_SERVER_HELLO_2S
1531709782283761, 103, CLIENT_SERVER_HELLO_2E
1531709782283767, 104, CLIENT_SERVER_HELLO_3S
1531709782285037, 105, CLIENT_SERVER_HELLO_3E
1531709782285048, 106, CLIENT_SERVER_HELLO_4S
1531709782285107, 107, CLIENT_SERVER_HELLO_4E
1531727664245448, 0, CLIENT_HANDSHAKE_START
1531727664254666, 1, CLIENT_HANDSHAKE_END
1531727664246967, 2, CLIENT_CERT_VALIDATION_START
1531727664247223, 3, CLIENT_CERT_VALIDATION_END
1531727664254677, 4, CLIENT_FETCH_HTML_START
1531727664255627, 5, CLIENT_FETCH_HTML_END
1531727664254324, 6, CLIENT_EXTENDED_FINISHED_START
1531727664254654, 7, CLIENT_EXTENDED_FINISHED_END
1531727664244694, 8, CLIENT_TCP_CONNECT_START
1531727664244748, 9, CLIENT_TCP_CONNECT_END
1531727664255165, 10, CLIENT_MODIFICATION_RECORD_START
1531727664255624, 11, CLIENT_MODIFICATION_RECORD_END
1531727664245452, 30, CLIENT_CONNECT_START
1531727664245515, 31, CLIENT_CLIENT_HELLO_START
1531727664245571, 32, CLIENT_CLIENT_HELLO_END
1531727664245575, 33, CLIENT_SERVER_HELLO_START
1531727664246964, 34, CLIENT_SERVER_HELLO_END
1531727664246967, 35, CLIENT_SERVER_CERTIFICATE_START
1531727664247226, 36, CLIENT_SERVER_CERTIFICATE_END
1531727664247254, 39, CLIENT_SERVER_HELLO_DONE_START
1531727664247254, 40, CLIENT_SERVER_HELLO_DONE_END
1531727664248387, 41, CLIENT_CLIENT_KEY_EXCHANGE_START
1531727664248546, 42, CLIENT_CLIENT_KEY_EXCHANGE_END
1531727664248514, 43, CLIENT_CLIENT_CCS_START
1531727664248550, 45, CLIENT_CLIENT_FINISHED_START
1531727664248776, 46, CLIENT_CLIENT_FINISHED_END
1531727664254281, 51, CLIENT_SERVER_FINISHED_START
1531727664254324, 52, CLIENT_SERVER_FINISHED_END
1531727664254324, 53, CLIENT_SERVER_EXTENDED_FINISHED_START
1531727664254660, 54, CLIENT_SERVER_EXTENDED_FINISHED_END
1531727664245529, 60, CLIENT_CLIENT_HELLO_1S
1531727664245534, 63, CLIENT_CLIENT_HELLO_2E
1531727664246937, 100, CLIENT_SERVER_HELLO_1S
1531727664246946, 101, CLIENT_SERVER_HELLO_1E
1531727664246949, 102, CLIENT_SERVER_HELLO_2S
1531727664246952, 103, CLIENT_SERVER_HELLO_2E
1531727664246954, 104, CLIENT_SERVER_HELLO_3S
1531727664246959, 105, CLIENT_SERVER_HELLO_3E
1531727664247258, 146, CLIENT_GENERATE_ACCOUNTABILITY_KEYS_START
1531727664248378, 147, CLIENT_GENERATE_ACCOUNTABILITY_KEYS_END
1531727982917506, 0, CLIENT_HANDSHAKE_START
1531727982930892, 1, CLIENT_HANDSHAKE_END
1531727982920862, 2, CLIENT_CERT_VALIDATION_START
1531727982921178, 3, CLIENT_CERT_VALIDATION_END
1531727982930915, 4, CLIENT_FETCH_HTML_START
1531727982931112, 5, CLIENT_FETCH_HTML_END
1531727982930728, 6, CLIENT_EXTENDED_FINISHED_START
1531727982930857, 7, CLIENT_EXTENDED_FINISHED_END
1531727982916287, 8, CLIENT_TCP_CONNECT_START
1531727982916382, 9, CLIENT_TCP_CONNECT_END
1531727982931084, 10, CLIENT_MODIFICATION_RECORD_START
1531727982931096, 11, CLIENT_MODIFICATION_RECORD_END
1531727982917512, 30, CLIENT_CONNECT_START
1531727982917552, 31, CLIENT_CLIENT_HELLO_START
1531727982917634, 32, CLIENT_CLIENT_HELLO_END
1531727982917640, 33, CLIENT_SERVER_HELLO_START
1531727982920857, 34, CLIENT_SERVER_HELLO_END
1531727982920862, 35, CLIENT_SERVER_CERTIFICATE_START
1531727982921185, 36, CLIENT_SERVER_CERTIFICATE_END
1531727982921223, 39, CLIENT_SERVER_HELLO_DONE_START
1531727982921223, 40, CLIENT_SERVER_HELLO_DONE_END
1531727982922126, 41, CLIENT_CLIENT_KEY_EXCHANGE_START
1531727982922433, 42, CLIENT_CLIENT_KEY_EXCHANGE_END
1531727982922377, 43, CLIENT_CLIENT_CCS_START
1531727982922440, 45, CLIENT_CLIENT_FINISHED_START
1531727982922468, 46, CLIENT_CLIENT_FINISHED_END
1531727982930655, 51, CLIENT_SERVER_FINISHED_START
1531727982930728, 52, CLIENT_SERVER_FINISHED_END
1531727982930728, 53, CLIENT_SERVER_EXTENDED_FINISHED_START
1531727982930877, 54, CLIENT_SERVER_EXTENDED_FINISHED_END
1531727982917567, 60, CLIENT_CLIENT_HELLO_1S
1531727982917567, 63, CLIENT_CLIENT_HELLO_2E
1531727982920825, 100, CLIENT_SERVER_HELLO_1S
1531727982920825, 101, CLIENT_SERVER_HELLO_1E
1531727982920842, 102, CLIENT_SERVER_HELLO_2S
1531727982920847, 103, CLIENT_SERVER_HELLO_2E
1531727982920852, 104, CLIENT_SERVER_HELLO_3S
1531727982920852, 105, CLIENT_SERVER_HELLO_3E
1531727982921227, 146, CLIENT_GENERATE_ACCOUNTABILITY_KEYS_START
1531727982922116, 147, CLIENT_GENERATE_ACCOUNTABILITY_KEYS_END
1531727994576565, 0, CLIENT_HANDSHAKE_START
1531727994586311, 1, CLIENT_HANDSHAKE_END
1531727994578022, 2, CLIENT_CERT_VALIDATION_START
1531727994578345, 3, CLIENT_CERT_VALIDATION_END
1531727994586332, 4, CLIENT_FETCH_HTML_START
1531727994586479, 5, CLIENT_FETCH_HTML_END
1531727994586188, 6, CLIENT_EXTENDED_FINISHED_START
1531727994586286, 7, CLIENT_EXTENDED_FINISHED_END
1531727994575499, 8, CLIENT_TCP_CONNECT_START
1531727994575584, 9, CLIENT_TCP_CONNECT_END
1531727994586460, 10, CLIENT_MODIFICATION_RECORD_START
1531727994586468, 11, CLIENT_MODIFICATION_RECORD_END
1531727994576571, 30, CLIENT_CONNECT_START
1531727994576612, 31, CLIENT_CLIENT_HELLO_START
1531727994576676, 32, CLIENT_CLIENT_HELLO_END
1531727994576682, 33, CLIENT_SERVER_HELLO_START
1531727994578018, 34, CLIENT_SERVER_HELLO_END
1531727994578022, 35, CLIENT_SERVER_CERTIFICATE_START
1531727994578355, 36, CLIENT_SERVER_CERTIFICATE_END
1531727994578410, 39, CLIENT_SERVER_HELLO_DONE_START
1531727994578410, 40, CLIENT_SERVER_HELLO_DONE_END
1531727994579488, 41, CLIENT_CLIENT_KEY_EXCHANGE_START
1531727994579744, 42, CLIENT_CLIENT_KEY_EXCHANGE_END
1531727994579692, 43, CLIENT_CLIENT_CCS_START
1531727994579752, 45, CLIENT_CLIENT_FINISHED_START
1531727994579780, 46, CLIENT_CLIENT_FINISHED_END
1531727994586132, 51, CLIENT_SERVER_FINISHED_START
1531727994586188, 52, CLIENT_SERVER_FINISHED_END
1531727994586188, 53, CLIENT_SERVER_EXTENDED_FINISHED_START
1531727994586299, 54, CLIENT_SERVER_EXTENDED_FINISHED_END
1531727994576625, 60, CLIENT_CLIENT_HELLO_1S
1531727994576626, 63, CLIENT_CLIENT_HELLO_2E
1531727994577984, 100, CLIENT_SERVER_HELLO_1S
1531727994577984, 101, CLIENT_SERVER_HELLO_1E
1531727994578001, 102, CLIENT_SERVER_HELLO_2S
1531727994578005, 103, CLIENT_SERVER_HELLO_2E
1531727994578012, 104, CLIENT_SERVER_HELLO_3S
1531727994578012, 105, CLIENT_SERVER_HELLO_3E
1531727994578416, 146, CLIENT_GENERATE_ACCOUNTABILITY_KEYS_START
1531727994579460, 147, CLIENT_GENERATE_ACCOUNTABILITY_KEYS_END
1531728109066608, 0, CLIENT_HANDSHAKE_START
1531728109078630, 1, CLIENT_HANDSHAKE_END
1531728109068973, 2, CLIENT_CERT_VALIDATION_START
1531728109069376, 3, CLIENT_CERT_VALIDATION_END
1531728109078667, 4, CLIENT_FETCH_HTML_START
1531728109078836, 5, CLIENT_FETCH_HTML_END
1531728109078442, 6, CLIENT_EXTENDED_FINISHED_START
1531728109078594, 7, CLIENT_EXTENDED_FINISHED_END
1531728109065526, 8, CLIENT_TCP_CONNECT_START
1531728109065603, 9, CLIENT_TCP_CONNECT_END
1531728109078801, 10, CLIENT_MODIFICATION_RECORD_START
1531728109078814, 11, CLIENT_MODIFICATION_RECORD_END
1531728109066615, 30, CLIENT_CONNECT_START
1531728109066657, 31, CLIENT_CLIENT_HELLO_START
1531728109066733, 32, CLIENT_CLIENT_HELLO_END
1531728109066739, 33, CLIENT_SERVER_HELLO_START
1531728109068962, 34, CLIENT_SERVER_HELLO_END
1531728109068973, 35, CLIENT_SERVER_CERTIFICATE_START
1531728109069384, 36, CLIENT_SERVER_CERTIFICATE_END
1531728109069442, 39, CLIENT_SERVER_HELLO_DONE_START
1531728109069442, 40, CLIENT_SERVER_HELLO_DONE_END
1531728109070437, 41, CLIENT_CLIENT_KEY_EXCHANGE_START
1531728109070717, 42, CLIENT_CLIENT_KEY_EXCHANGE_END
1531728109070664, 43, CLIENT_CLIENT_CCS_START
1531728109070722, 45, CLIENT_CLIENT_FINISHED_START
1531728109070750, 46, CLIENT_CLIENT_FINISHED_END
1531728109078347, 51, CLIENT_SERVER_FINISHED_START
1531728109078442, 52, CLIENT_SERVER_FINISHED_END
1531728109078442, 53, CLIENT_SERVER_EXTENDED_FINISHED_START
1531728109078610, 54, CLIENT_SERVER_EXTENDED_FINISHED_END
1531728109066671, 60, CLIENT_CLIENT_HELLO_1S
1531728109066671, 61, CLIENT_CLIENT_HELLO_1E
1531728109068929, 100, CLIENT_SERVER_HELLO_1S
1531728109068929, 101, CLIENT_SERVER_HELLO_1E
1531728109068943, 102, CLIENT_SERVER_HELLO_2S
1531728109068951, 103, CLIENT_SERVER_HELLO_2E
1531728109068955, 104, CLIENT_SERVER_HELLO_3S
1531728109068956, 105, CLIENT_SERVER_HELLO_3E
1531728109069447, 146, CLIENT_GENERATE_ACCOUNTABILITY_KEYS_START
1531728109070429, 147, CLIENT_GENERATE_ACCOUNTABILITY_KEYS_END
1531728112212351, 0, CLIENT_HANDSHAKE_START
1531728112220718, 1, CLIENT_HANDSHAKE_END
1531728112213502, 2, CLIENT_CERT_VALIDATION_START
1531728112213810, 3, CLIENT_CERT_VALIDATION_END
1531728112220731, 4, CLIENT_FETCH_HTML_START
1531728112220885, 5, CLIENT_FETCH_HTML_END
1531728112220572, 6, CLIENT_EXTENDED_FINISHED_START
1531728112220691, 7, CLIENT_EXTENDED_FINISHED_END
1531728112211375, 8, CLIENT_TCP_CONNECT_START
1531728112211447, 9, CLIENT_TCP_CONNECT_END
1531728112220862, 10, CLIENT_MODIFICATION_RECORD_START
1531728112220872, 11, CLIENT_MODIFICATION_RECORD_END
1531728112212356, 30, CLIENT_CONNECT_START
1531728112212392, 31, CLIENT_CLIENT_HELLO_START
1531728112212456, 32, CLIENT_CLIENT_HELLO_END
1531728112212461, 33, CLIENT_SERVER_HELLO_START
1531728112213496, 34, CLIENT_SERVER_HELLO_END
1531728112213502, 35, CLIENT_SERVER_CERTIFICATE_START
1531728112213819, 36, CLIENT_SERVER_CERTIFICATE_END
1531728112213881, 39, CLIENT_SERVER_HELLO_DONE_START
1531728112213881, 40, CLIENT_SERVER_HELLO_DONE_END
1531728112214730, 41, CLIENT_CLIENT_KEY_EXCHANGE_START
1531728112214969, 42, CLIENT_CLIENT_KEY_EXCHANGE_END
1531728112214919, 43, CLIENT_CLIENT_CCS_START
1531728112214978, 45, CLIENT_CLIENT_FINISHED_START
1531728112215034, 46, CLIENT_CLIENT_FINISHED_END
1531728112220502, 51, CLIENT_SERVER_FINISHED_START
1531728112220572, 52, CLIENT_SERVER_FINISHED_END
1531728112220572, 53, CLIENT_SERVER_EXTENDED_FINISHED_START
1531728112220705, 54, CLIENT_SERVER_EXTENDED_FINISHED_END
1531728112212405, 60, CLIENT_CLIENT_HELLO_1S
1531728112212405, 61, CLIENT_CLIENT_HELLO_1E
1531728112213464, 100, CLIENT_SERVER_HELLO_1S
1531728112213464, 101, CLIENT_SERVER_HELLO_1E
1531728112213478, 102, CLIENT_SERVER_HELLO_2S
1531728112213483, 103, CLIENT_SERVER_HELLO_2E
1531728112213489, 104, CLIENT_SERVER_HELLO_3S
1531728112213489, 105, CLIENT_SERVER_HELLO_3E
1531728112213898, 146, CLIENT_GENERATE_ACCOUNTABILITY_KEYS_START
1531728112214720, 147, CLIENT_GENERATE_ACCOUNTABILITY_KEYS_END
1531730472588672, 0, CLIENT_HANDSHAKE_START
1531730472604835, 1, CLIENT_HANDSHAKE_END
1531730472592120, 2, CLIENT_CERT_VALIDATION_START
1531730472592998, 3, CLIENT_CERT_VALIDATION_END
1531730472604850, 4, CLIENT_FETCH_HTML_START
1531730472606700, 5, CLIENT_FETCH_HTML_END
1531730472604457, 6, CLIENT_EXTENDED_FINISHED_START
1531730472604819, 7, CLIENT_EXTENDED_FINISHED_END
1531730472587057, 8, CLIENT_TCP_CONNECT_START
1531730472587159, 9, CLIENT_TCP_CONNECT_END
1531730472605720, 10, CLIENT_MODIFICATION_RECORD_START
1531730472606697, 11, CLIENT_MODIFICATION_RECORD_END
1531730472588681, 30, CLIENT_CONNECT_START
1531730472588764, 31, CLIENT_CLIENT_HELLO_START
1531730472588878, 32, CLIENT_CLIENT_HELLO_END
1531730472588890, 33, CLIENT_SERVER_HELLO_START
1531730472592113, 34, CLIENT_SERVER_HELLO_END
1531730472592119, 35, CLIENT_SERVER_CERTIFICATE_START
1531730472593006, 36, CLIENT_SERVER_CERTIFICATE_END
1531730472593230, 39, CLIENT_SERVER_HELLO_DONE_START
1531730472593230, 40, CLIENT_SERVER_HELLO_DONE_END
1531730472595060, 41, CLIENT_CLIENT_KEY_EXCHANGE_START
1531730472595309, 42, CLIENT_CLIENT_KEY_EXCHANGE_END
1531730472595258, 43, CLIENT_CLIENT_CCS_START
1531730472595315, 45, CLIENT_CLIENT_FINISHED_START
1531730472595392, 46, CLIENT_CLIENT_FINISHED_END
1531730472604410, 51, CLIENT_SERVER_FINISHED_START
1531730472604457, 52, CLIENT_SERVER_FINISHED_END
1531730472604457, 53, CLIENT_SERVER_EXTENDED_FINISHED_START
1531730472604828, 54, CLIENT_SERVER_EXTENDED_FINISHED_END
1531730472588795, 60, CLIENT_CLIENT_HELLO_1S
1531730472588806, 61, CLIENT_CLIENT_HELLO_1E
1531730472592038, 100, CLIENT_SERVER_HELLO_1S
1531730472592069, 101, CLIENT_SERVER_HELLO_1E
1531730472592076, 102, CLIENT_SERVER_HELLO_2S
1531730472592085, 103, CLIENT_SERVER_HELLO_2E
1531730472592091, 104, CLIENT_SERVER_HELLO_3S
1531730472592101, 105, CLIENT_SERVER_HELLO_3E
1531730472593249, 146, CLIENT_GENERATE_ACCOUNTABILITY_KEYS_START
1531730472595053, 147, CLIENT_GENERATE_ACCOUNTABILITY_KEYS_END
1531730476733024, 0, CLIENT_HANDSHAKE_START
1531730476754466, 1, CLIENT_HANDSHAKE_END
1531730476736449, 2, CLIENT_CERT_VALIDATION_START
1531730476736974, 3, CLIENT_CERT_VALIDATION_END
1531730476754489, 4, CLIENT_FETCH_HTML_START
1531730476757380, 5, CLIENT_FETCH_HTML_END
1531730476753584, 6, CLIENT_EXTENDED_FINISHED_START
1531730476754444, 7, CLIENT_EXTENDED_FINISHED_END
1531730476731355, 8, CLIENT_TCP_CONNECT_START
1531730476731475, 9, CLIENT_TCP_CONNECT_END
1531730476755676, 10, CLIENT_MODIFICATION_RECORD_START
1531730476757373, 11, CLIENT_MODIFICATION_RECORD_END
1531730476733033, 30, CLIENT_CONNECT_START
1531730476733091, 31, CLIENT_CLIENT_HELLO_START
1531730476733200, 32, CLIENT_CLIENT_HELLO_END
1531730476733208, 33, CLIENT_SERVER_HELLO_START
1531730476736440, 34, CLIENT_SERVER_HELLO_END
1531730476736449, 35, CLIENT_SERVER_CERTIFICATE_START
1531730476736981, 36, CLIENT_SERVER_CERTIFICATE_END
1531730476737046, 39, CLIENT_SERVER_HELLO_DONE_START
1531730476737046, 40, CLIENT_SERVER_HELLO_DONE_END
1531730476739630, 41, CLIENT_CLIENT_KEY_EXCHANGE_START
1531730476740058, 42, CLIENT_CLIENT_KEY_EXCHANGE_END
1531730476739968, 43, CLIENT_CLIENT_CCS_START
1531730476740069, 45, CLIENT_CLIENT_FINISHED_START
1531730476740229, 46, CLIENT_CLIENT_FINISHED_END
1531730476753439, 51, CLIENT_SERVER_FINISHED_START
1531730476753583, 52, CLIENT_SERVER_FINISHED_END
1531730476753584, 53, CLIENT_SERVER_EXTENDED_FINISHED_START
1531730476754458, 54, CLIENT_SERVER_EXTENDED_FINISHED_END
1531730476733121, 60, CLIENT_CLIENT_HELLO_1S
1531730476733132, 61, CLIENT_CLIENT_HELLO_1E
1531730476736349, 100, CLIENT_SERVER_HELLO_1S
1531730476736383, 101, CLIENT_SERVER_HELLO_1E
1531730476736390, 102, CLIENT_SERVER_HELLO_2S
1531730476736399, 103, CLIENT_SERVER_HELLO_2E
1531730476736405, 104, CLIENT_SERVER_HELLO_3S
1531730476736424, 105, CLIENT_SERVER_HELLO_3E
1531730476737054, 146, CLIENT_GENERATE_ACCOUNTABILITY_KEYS_START
1531730476739602, 147, CLIENT_GENERATE_ACCOUNTABILITY_KEYS_END
1531730478294357, 0, CLIENT_HANDSHAKE_START
1531730478310637, 1, CLIENT_HANDSHAKE_END
1531730478297125, 2, CLIENT_CERT_VALIDATION_START
1531730478297639, 3, CLIENT_CERT_VALIDATION_END
1531730478310654, 4, CLIENT_FETCH_HTML_START
1531730478312321, 5, CLIENT_FETCH_HTML_END
1531730478310111, 6, CLIENT_EXTENDED_FINISHED_START
1531730478310623, 7, CLIENT_EXTENDED_FINISHED_END
1531730478292699, 8, CLIENT_TCP_CONNECT_START
1531730478292830, 9, CLIENT_TCP_CONNECT_END
1531730478311514, 10, CLIENT_MODIFICATION_RECORD_START
1531730478312317, 11, CLIENT_MODIFICATION_RECORD_END
1531730478294366, 30, CLIENT_CONNECT_START
1531730478294424, 31, CLIENT_CLIENT_HELLO_START
1531730478294517, 32, CLIENT_CLIENT_HELLO_END
1531730478294550, 33, CLIENT_SERVER_HELLO_START
1531730478297115, 34, CLIENT_SERVER_HELLO_END
1531730478297124, 35, CLIENT_SERVER_CERTIFICATE_START
1531730478297646, 36, CLIENT_SERVER_CERTIFICATE_END
1531730478297703, 39, CLIENT_SERVER_HELLO_DONE_START
1531730478297703, 40, CLIENT_SERVER_HELLO_DONE_END
1531730478299705, 41, CLIENT_CLIENT_KEY_EXCHANGE_START
1531730478299956, 42, CLIENT_CLIENT_KEY_EXCHANGE_END
1531730478299897, 43, CLIENT_CLIENT_CCS_START
1531730478299963, 45, CLIENT_CLIENT_FINISHED_START
1531730478300045, 46, CLIENT_CLIENT_FINISHED_END
1531730478310054, 51, CLIENT_SERVER_FINISHED_START
1531730478310111, 52, CLIENT_SERVER_FINISHED_END
1531730478310111, 53, CLIENT_SERVER_EXTENDED_FINISHED_START
1531730478310632, 54, CLIENT_SERVER_EXTENDED_FINISHED_END
1531730478294451, 60, CLIENT_CLIENT_HELLO_1S
1531730478294461, 61, CLIENT_CLIENT_HELLO_1E
1531730478297029, 100, CLIENT_SERVER_HELLO_1S
1531730478297062, 101, CLIENT_SERVER_HELLO_1E
1531730478297074, 102, CLIENT_SERVER_HELLO_2S
1531730478297081, 103, CLIENT_SERVER_HELLO_2E
1531730478297089, 104, CLIENT_SERVER_HELLO_3S
1531730478297100, 105, CLIENT_SERVER_HELLO_3E
1531730478297708, 146, CLIENT_GENERATE_ACCOUNTABILITY_KEYS_START
1531730478299697, 147, CLIENT_GENERATE_ACCOUNTABILITY_KEYS_END
1531730479044549, 0, CLIENT_HANDSHAKE_START
1531730479066748, 1, CLIENT_HANDSHAKE_END
1531730479047909, 2, CLIENT_CERT_VALIDATION_START
1531730479048452, 3, CLIENT_CERT_VALIDATION_END
1531730479066769, 4, CLIENT_FETCH_HTML_START
1531730479068856, 5, CLIENT_FETCH_HTML_END
1531730479066105, 6, CLIENT_EXTENDED_FINISHED_START
1531730479066730, 7, CLIENT_EXTENDED_FINISHED_END
1531730479042973, 8, CLIENT_TCP_CONNECT_START
1531730479043095, 9, CLIENT_TCP_CONNECT_END
1531730479067978, 10, CLIENT_MODIFICATION_RECORD_START
1531730479068850, 11, CLIENT_MODIFICATION_RECORD_END
1531730479044556, 30, CLIENT_CONNECT_START
1531730479044614, 31, CLIENT_CLIENT_HELLO_START
1531730479044720, 32, CLIENT_CLIENT_HELLO_END
1531730479044728, 33, CLIENT_SERVER_HELLO_START
1531730479047899, 34, CLIENT_SERVER_HELLO_END
1531730479047909, 35, CLIENT_SERVER_CERTIFICATE_START
1531730479048462, 36, CLIENT_SERVER_CERTIFICATE_END
1531730479048524, 39, CLIENT_SERVER_HELLO_DONE_START
1531730479048524, 40, CLIENT_SERVER_HELLO_DONE_END
1531730479053258, 41, CLIENT_CLIENT_KEY_EXCHANGE_START
1531730479053628, 42, CLIENT_CLIENT_KEY_EXCHANGE_END
1531730479053541, 43, CLIENT_CLIENT_CCS_START
1531730479053635, 45, CLIENT_CLIENT_FINISHED_START
1531730479053727, 46, CLIENT_CLIENT_FINISHED_END
1531730479066033, 51, CLIENT_SERVER_FINISHED_START
1531730479066104, 52, CLIENT_SERVER_FINISHED_END
1531730479066105, 53, CLIENT_SERVER_EXTENDED_FINISHED_START
1531730479066741, 54, CLIENT_SERVER_EXTENDED_FINISHED_END
1531730479044640, 60, CLIENT_CLIENT_HELLO_1S
1531730479044650, 61, CLIENT_CLIENT_HELLO_1E
1531730479047715, 100, CLIENT_SERVER_HELLO_1S
1531730479047788, 101, CLIENT_SERVER_HELLO_1E
1531730479047807, 102, CLIENT_SERVER_HELLO_2S
1531730479047815, 103, CLIENT_SERVER_HELLO_2E
1531730479047833, 104, CLIENT_SERVER_HELLO_3S
1531730479047866, 105, CLIENT_SERVER_HELLO_3E
1531730479048533, 146, CLIENT_GENERATE_ACCOUNTABILITY_KEYS_START
1531730479053248, 147, CLIENT_GENERATE_ACCOUNTABILITY_KEYS_END
1531730479731629, 0, CLIENT_HANDSHAKE_START
1531730479739846, 1, CLIENT_HANDSHAKE_END
1531730479733080, 2, CLIENT_CERT_VALIDATION_START
1531730479733323, 3, CLIENT_CERT_VALIDATION_END
1531730479739860, 4, CLIENT_FETCH_HTML_START
1531730479740661, 5, CLIENT_FETCH_HTML_END
1531730479739471, 6, CLIENT_EXTENDED_FINISHED_START
1531730479739834, 7, CLIENT_EXTENDED_FINISHED_END
1531730479730809, 8, CLIENT_TCP_CONNECT_START
1531730479730867, 9, CLIENT_TCP_CONNECT_END
1531730479740330, 10, CLIENT_MODIFICATION_RECORD_START
1531730479740658, 11, CLIENT_MODIFICATION_RECORD_END
1531730479731634, 30, CLIENT_CONNECT_START
1531730479731668, 31, CLIENT_CLIENT_HELLO_START
1531730479731728, 32, CLIENT_CLIENT_HELLO_END
1531730479731733, 33, CLIENT_SERVER_HELLO_START
1531730479733076, 34, CLIENT_SERVER_HELLO_END
1531730479733080, 35, CLIENT_SERVER_CERTIFICATE_START
1531730479733327, 36, CLIENT_SERVER_CERTIFICATE_END
1531730479733353, 39, CLIENT_SERVER_HELLO_DONE_START
1531730479733353, 40, CLIENT_SERVER_HELLO_DONE_END
1531730479734215, 41, CLIENT_CLIENT_KEY_EXCHANGE_START
1531730479734365, 42, CLIENT_CLIENT_KEY_EXCHANGE_END
1531730479734328, 43, CLIENT_CLIENT_CCS_START
1531730479734369, 45, CLIENT_CLIENT_FINISHED_START
1531730479734415, 46, CLIENT_CLIENT_FINISHED_END
1531730479739427, 51, CLIENT_SERVER_FINISHED_START
1531730479739470, 52, CLIENT_SERVER_FINISHED_END
1531730479739470, 53, CLIENT_SERVER_EXTENDED_FINISHED_START
1531730479739842, 54, CLIENT_SERVER_EXTENDED_FINISHED_END
1531730479731683, 60, CLIENT_CLIENT_HELLO_1S
1531730479731690, 61, CLIENT_CLIENT_HELLO_1E
1531730479733026, 100, CLIENT_SERVER_HELLO_1S
1531730479733045, 101, CLIENT_SERVER_HELLO_1E
1531730479733050, 102, CLIENT_SERVER_HELLO_2S
1531730479733054, 103, CLIENT_SERVER_HELLO_2E
1531730479733058, 104, CLIENT_SERVER_HELLO_3S
1531730479733066, 105, CLIENT_SERVER_HELLO_3E
1531730479733356, 146, CLIENT_GENERATE_ACCOUNTABILITY_KEYS_START
1531730479734211, 147, CLIENT_GENERATE_ACCOUNTABILITY_KEYS_END
1531730481829664, 0, CLIENT_HANDSHAKE_START
1531730481849720, 1, CLIENT_HANDSHAKE_END
1531730481832743, 2, CLIENT_CERT_VALIDATION_START
1531730481833450, 3, CLIENT_CERT_VALIDATION_END
1531730481849765, 4, CLIENT_FETCH_HTML_START
1531730481852371, 5, CLIENT_FETCH_HTML_END
1531730481849216, 6, CLIENT_EXTENDED_FINISHED_START
1531730481849688, 7, CLIENT_EXTENDED_FINISHED_END
1531730481828020, 8, CLIENT_TCP_CONNECT_START
1531730481828130, 9, CLIENT_TCP_CONNECT_END
1531730481850837, 10, CLIENT_MODIFICATION_RECORD_START
1531730481852365, 11, CLIENT_MODIFICATION_RECORD_END
1531730481829673, 30, CLIENT_CONNECT_START
1531730481829730, 31, CLIENT_CLIENT_HELLO_START
1531730481829861, 32, CLIENT_CLIENT_HELLO_END
1531730481829874, 33, CLIENT_SERVER_HELLO_START
1531730481832723, 34, CLIENT_SERVER_HELLO_END
1531730481832742, 35, CLIENT_SERVER_CERTIFICATE_START
1531730481833461, 36, CLIENT_SERVER_CERTIFICATE_END
1531730481833526, 39, CLIENT_SERVER_HELLO_DONE_START
1531730481833526, 40, CLIENT_SERVER_HELLO_DONE_END
1531730481836562, 41, CLIENT_CLIENT_KEY_EXCHANGE_START
1531730481837019, 42, CLIENT_CLIENT_KEY_EXCHANGE_END
1531730481836924, 43, CLIENT_CLIENT_CCS_START
1531730481837031, 45, CLIENT_CLIENT_FINISHED_START
1531730481837176, 46, CLIENT_CLIENT_FINISHED_END
1531730481848965, 51, CLIENT_SERVER_FINISHED_START
1531730481849215, 52, CLIENT_SERVER_FINISHED_END
1531730481849215, 53, CLIENT_SERVER_EXTENDED_FINISHED_START
1531730481849713, 54, CLIENT_SERVER_EXTENDED_FINISHED_END
1531730481829761, 60, CLIENT_CLIENT_HELLO_1S
1531730481829777, 61, CLIENT_CLIENT_HELLO_1E
1531730481832544, 100, CLIENT_SERVER_HELLO_1S
1531730481832573, 101, CLIENT_SERVER_HELLO_1E
1531730481832593, 102, CLIENT_SERVER_HELLO_2S
1531730481832601, 103, CLIENT_SERVER_HELLO_2E
1531730481832639, 104, CLIENT_SERVER_HELLO_3S
1531730481832680, 105, CLIENT_SERVER_HELLO_3E
1531730481833535, 146, CLIENT_GENERATE_ACCOUNTABILITY_KEYS_START
1531730481836550, 147, CLIENT_GENERATE_ACCOUNTABILITY_KEYS_END
1531730482580119, 0, CLIENT_HANDSHAKE_START
1531730482593454, 1, CLIENT_HANDSHAKE_END
1531730482582865, 2, CLIENT_CERT_VALIDATION_START
1531730482583313, 3, CLIENT_CERT_VALIDATION_END
1531730482593467, 4, CLIENT_FETCH_HTML_START
1531730482594969, 5, CLIENT_FETCH_HTML_END
1531730482592993, 6, CLIENT_EXTENDED_FINISHED_START
1531730482593441, 7, CLIENT_EXTENDED_FINISHED_END
1531730482578501, 8, CLIENT_TCP_CONNECT_START
1531730482578621, 9, CLIENT_TCP_CONNECT_END
1531730482594251, 10, CLIENT_MODIFICATION_RECORD_START
1531730482594965, 11, CLIENT_MODIFICATION_RECORD_END
1531730482580127, 30, CLIENT_CONNECT_START
1531730482580184, 31, CLIENT_CLIENT_HELLO_START
1531730482580292, 32, CLIENT_CLIENT_HELLO_END
1531730482580300, 33, CLIENT_SERVER_HELLO_START
1531730482582859, 34, CLIENT_SERVER_HELLO_END
1531730482582865, 35, CLIENT_SERVER_CERTIFICATE_START
1531730482583318, 36, CLIENT_SERVER_CERTIFICATE_END
1531730482583356, 39, CLIENT_SERVER_HELLO_DONE_START
1531730482583356, 40, CLIENT_SERVER_HELLO_DONE_END
1531730482584971, 41, CLIENT_CLIENT_KEY_EXCHANGE_START
1531730482585448, 42, CLIENT_CLIENT_KEY_EXCHANGE_END
1531730482585389, 43, CLIENT_CLIENT_CCS_START
1531730482585454, 45, CLIENT_CLIENT_FINISHED_START
1531730482585624, 46, CLIENT_CLIENT_FINISHED_END
1531730482592928, 51, CLIENT_SERVER_FINISHED_START
1531730482592992, 52, CLIENT_SERVER_FINISHED_END
1531730482592992, 53, CLIENT_SERVER_EXTENDED_FINISHED_START
1531730482593449, 54, CLIENT_SERVER_EXTENDED_FINISHED_END
1531730482580211, 60, CLIENT_CLIENT_HELLO_1S
1531730482580220, 61, CLIENT_CLIENT_HELLO_1E
1531730482582783, 100, CLIENT_SERVER_HELLO_1S
1531730482582815, 101, CLIENT_SERVER_HELLO_1E
1531730482582823, 102, CLIENT_SERVER_HELLO_2S
1531730482582830, 103, CLIENT_SERVER_HELLO_2E
1531730482582836, 104, CLIENT_SERVER_HELLO_3S
1531730482582847, 105, CLIENT_SERVER_HELLO_3E
1531730482583360, 146, CLIENT_GENERATE_ACCOUNTABILITY_KEYS_START
1531730482584957, 147, CLIENT_GENERATE_ACCOUNTABILITY_KEYS_END
1531730483199764, 0, CLIENT_HANDSHAKE_START
1531730483213278, 1, CLIENT_HANDSHAKE_END
1531730483201808, 2, CLIENT_CERT_VALIDATION_START
1531730483202138, 3, CLIENT_CERT_VALIDATION_END
1531730483213295, 4, CLIENT_FETCH_HTML_START
1531730483214535, 5, CLIENT_FETCH_HTML_END
1531730483212493, 6, CLIENT_EXTENDED_FINISHED_START
1531730483213262, 7, CLIENT_EXTENDED_FINISHED_END
1531730483198661, 8, CLIENT_TCP_CONNECT_START
1531730483198732, 9, CLIENT_TCP_CONNECT_END
1531730483214116, 10, CLIENT_MODIFICATION_RECORD_START
1531730483214532, 11, CLIENT_MODIFICATION_RECORD_END
1531730483199771, 30, CLIENT_CONNECT_START
1531730483199810, 31, CLIENT_CLIENT_HELLO_START
1531730483199899, 32, CLIENT_CLIENT_HELLO_END
1531730483199907, 33, CLIENT_SERVER_HELLO_START
1531730483201804, 34, CLIENT_SERVER_HELLO_END
1531730483201808, 35, CLIENT_SERVER_CERTIFICATE_START
1531730483202143, 36, CLIENT_SERVER_CERTIFICATE_END
1531730483202180, 39, CLIENT_SERVER_HELLO_DONE_START
1531730483202181, 40, CLIENT_SERVER_HELLO_DONE_END
1531730483203436, 41, CLIENT_CLIENT_KEY_EXCHANGE_START
1531730483203675, 42, CLIENT_CLIENT_KEY_EXCHANGE_END
1531730483203619, 43, CLIENT_CLIENT_CCS_START
1531730483203680, 45, CLIENT_CLIENT_FINISHED_START
1531730483203741, 46, CLIENT_CLIENT_FINISHED_END
1531730483212421, 51, CLIENT_SERVER_FINISHED_START
1531730483212493, 52, CLIENT_SERVER_FINISHED_END
1531730483212493, 53, CLIENT_SERVER_EXTENDED_FINISHED_START
1531730483213272, 54, CLIENT_SERVER_EXTENDED_FINISHED_END
1531730483199831, 60, CLIENT_CLIENT_HELLO_1S
1531730483199848, 61, CLIENT_CLIENT_HELLO_1E
1531730483201755, 100, CLIENT_SERVER_HELLO_1S
1531730483201775, 101, CLIENT_SERVER_HELLO_1E
1531730483201780, 102, CLIENT_SERVER_HELLO_2S
1531730483201785, 103, CLIENT_SERVER_HELLO_2E
1531730483201789, 104, CLIENT_SERVER_HELLO_3S
1531730483201796, 105, CLIENT_SERVER_HELLO_3E
1531730483202184, 146, CLIENT_GENERATE_ACCOUNTABILITY_KEYS_START
1531730483203432, 147, CLIENT_GENERATE_ACCOUNTABILITY_KEYS_END
1531730483847218, 0, CLIENT_HANDSHAKE_START
1531730483860793, 1, CLIENT_HANDSHAKE_END
1531730483849526, 2, CLIENT_CERT_VALIDATION_START
1531730483849858, 3, CLIENT_CERT_VALIDATION_END
1531730483860819, 4, CLIENT_FETCH_HTML_START
1531730483862962, 5, CLIENT_FETCH_HTML_END
1531730483860165, 6, CLIENT_EXTENDED_FINISHED_START
1531730483860773, 7, CLIENT_EXTENDED_FINISHED_END
1531730483846126, 8, CLIENT_TCP_CONNECT_START
1531730483846206, 9, CLIENT_TCP_CONNECT_END
1531730483861972, 10, CLIENT_MODIFICATION_RECORD_START
1531730483862956, 11, CLIENT_MODIFICATION_RECORD_END
1531730483847224, 30, CLIENT_CONNECT_START
1531730483847265, 31, CLIENT_CLIENT_HELLO_START
1531730483847340, 32, CLIENT_CLIENT_HELLO_END
1531730483847347, 33, CLIENT_SERVER_HELLO_START
1531730483849522, 34, CLIENT_SERVER_HELLO_END
1531730483849526, 35, CLIENT_SERVER_CERTIFICATE_START
1531730483849862, 36, CLIENT_SERVER_CERTIFICATE_END
1531730483849899, 39, CLIENT_SERVER_HELLO_DONE_START
1531730483849899, 40, CLIENT_SERVER_HELLO_DONE_END
1531730483851208, 41, CLIENT_CLIENT_KEY_EXCHANGE_START
1531730483851451, 42, CLIENT_CLIENT_KEY_EXCHANGE_END
1531730483851394, 43, CLIENT_CLIENT_CCS_START
1531730483851458, 45, CLIENT_CLIENT_FINISHED_START
1531730483851635, 46, CLIENT_CLIENT_FINISHED_END
1531730483860084, 51, CLIENT_SERVER_FINISHED_START
1531730483860165, 52, CLIENT_SERVER_FINISHED_END
1531730483860165, 53, CLIENT_SERVER_EXTENDED_FINISHED_START
1531730483860785, 54, CLIENT_SERVER_EXTENDED_FINISHED_END
1531730483847286, 60, CLIENT_CLIENT_HELLO_1S
1531730483847293, 61, CLIENT_CLIENT_HELLO_1E
1531730483849472, 100, CLIENT_SERVER_HELLO_1S
1531730483849493, 101, CLIENT_SERVER_HELLO_1E
1531730483849498, 102, CLIENT_SERVER_HELLO_2S
1531730483849503, 103, CLIENT_SERVER_HELLO_2E
1531730483849507, 104, CLIENT_SERVER_HELLO_3S
1531730483849514, 105, CLIENT_SERVER_HELLO_3E
1531730483849903, 146, CLIENT_GENERATE_ACCOUNTABILITY_KEYS_START
1531730483851203, 147, CLIENT_GENERATE_ACCOUNTABILITY_KEYS_END
1531730484508224, 0, CLIENT_HANDSHAKE_START
1531730484526961, 1, CLIENT_HANDSHAKE_END
1531730484511367, 2, CLIENT_CERT_VALIDATION_START
1531730484511915, 3, CLIENT_CERT_VALIDATION_END
1531730484526975, 4, CLIENT_FETCH_HTML_START
1531730484528389, 5, CLIENT_FETCH_HTML_END
1531730484526428, 6, CLIENT_EXTENDED_FINISHED_START
1531730484526943, 7, CLIENT_EXTENDED_FINISHED_END
1531730484506663, 8, CLIENT_TCP_CONNECT_START
1531730484506779, 9, CLIENT_TCP_CONNECT_END
1531730484527842, 10, CLIENT_MODIFICATION_RECORD_START
1531730484528385, 11, CLIENT_MODIFICATION_RECORD_END
1531730484508232, 30, CLIENT_CONNECT_START
1531730484508298, 31, CLIENT_CLIENT_HELLO_START
1531730484508405, 32, CLIENT_CLIENT_HELLO_END
1531730484508413, 33, CLIENT_SERVER_HELLO_START
1531730484511358, 34, CLIENT_SERVER_HELLO_END
1531730484511367, 35, CLIENT_SERVER_CERTIFICATE_START
1531730484511926, 36, CLIENT_SERVER_CERTIFICATE_END
1531730484512002, 39, CLIENT_SERVER_HELLO_DONE_START
1531730484512003, 40, CLIENT_SERVER_HELLO_DONE_END
1531730484514541, 41, CLIENT_CLIENT_KEY_EXCHANGE_START
1531730484514905, 42, CLIENT_CLIENT_KEY_EXCHANGE_END
1531730484514821, 43, CLIENT_CLIENT_CCS_START
1531730484514917, 45, CLIENT_CLIENT_FINISHED_START
1531730484515093, 46, CLIENT_CLIENT_FINISHED_END
1531730484526352, 51, CLIENT_SERVER_FINISHED_START
1531730484526428, 52, CLIENT_SERVER_FINISHED_END
1531730484526428, 53, CLIENT_SERVER_EXTENDED_FINISHED_START
1531730484526952, 54, CLIENT_SERVER_EXTENDED_FINISHED_END
1531730484508325, 60, CLIENT_CLIENT_HELLO_1S
1531730484508334, 61, CLIENT_CLIENT_HELLO_1E
1531730484511228, 100, CLIENT_SERVER_HELLO_1S
1531730484511278, 101, CLIENT_SERVER_HELLO_1E
1531730484511288, 102, CLIENT_SERVER_HELLO_2S
1531730484511295, 103, CLIENT_SERVER_HELLO_2E
1531730484511304, 104, CLIENT_SERVER_HELLO_3S
1531730484511339, 105, CLIENT_SERVER_HELLO_3E
1531730484512037, 146, CLIENT_GENERATE_ACCOUNTABILITY_KEYS_START
1531730484514530, 147, CLIENT_GENERATE_ACCOUNTABILITY_KEYS_END
1531730485187634, 0, CLIENT_HANDSHAKE_START
1531730485208561, 1, CLIENT_HANDSHAKE_END
1531730485190435, 2, CLIENT_CERT_VALIDATION_START
1531730485190942, 3, CLIENT_CERT_VALIDATION_END
1531730485208584, 4, CLIENT_FETCH_HTML_START
1531730485212968, 5, CLIENT_FETCH_HTML_END
1531730485207341, 6, CLIENT_EXTENDED_FINISHED_START
1531730485208541, 7, CLIENT_EXTENDED_FINISHED_END
1531730485185510, 8, CLIENT_TCP_CONNECT_START
1531730485185628, 9, CLIENT_TCP_CONNECT_END
1531730485211076, 10, CLIENT_MODIFICATION_RECORD_START
1531730485212955, 11, CLIENT_MODIFICATION_RECORD_END
1531730485187646, 30, CLIENT_CONNECT_START
1531730485187706, 31, CLIENT_CLIENT_HELLO_START
1531730485187825, 32, CLIENT_CLIENT_HELLO_END
1531730485187835, 33, CLIENT_SERVER_HELLO_START
1531730485190425, 34, CLIENT_SERVER_HELLO_END
1531730485190435, 35, CLIENT_SERVER_CERTIFICATE_START
1531730485190949, 36, CLIENT_SERVER_CERTIFICATE_END
1531730485191039, 39, CLIENT_SERVER_HELLO_DONE_START
1531730485191039, 40, CLIENT_SERVER_HELLO_DONE_END
1531730485193330, 41, CLIENT_CLIENT_KEY_EXCHANGE_START
1531730485193687, 42, CLIENT_CLIENT_KEY_EXCHANGE_END
1531730485193604, 43, CLIENT_CLIENT_CCS_START
1531730485193697, 45, CLIENT_CLIENT_FINISHED_START
1531730485193819, 46, CLIENT_CLIENT_FINISHED_END
1531730485207212, 51, CLIENT_SERVER_FINISHED_START
1531730485207341, 52, CLIENT_SERVER_FINISHED_END
1531730485207341, 53, CLIENT_SERVER_EXTENDED_FINISHED_START
1531730485208553, 54, CLIENT_SERVER_EXTENDED_FINISHED_END
1531730485187738, 60, CLIENT_CLIENT_HELLO_1S
1531730485187757, 61, CLIENT_CLIENT_HELLO_1E
1531730485190318, 100, CLIENT_SERVER_HELLO_1S
1531730485190355, 101, CLIENT_SERVER_HELLO_1E
1531730485190367, 102, CLIENT_SERVER_HELLO_2S
1531730485190374, 103, CLIENT_SERVER_HELLO_2E
1531730485190383, 104, CLIENT_SERVER_HELLO_3S
1531730485190400, 105, CLIENT_SERVER_HELLO_3E
1531730485191049, 146, CLIENT_GENERATE_ACCOUNTABILITY_KEYS_START
1531730485193320, 147, CLIENT_GENERATE_ACCOUNTABILITY_KEYS_END
1531730485828552, 0, CLIENT_HANDSHAKE_START
1531730485846231, 1, CLIENT_HANDSHAKE_END
1531730485831517, 2, CLIENT_CERT_VALIDATION_START
1531730485832035, 3, CLIENT_CERT_VALIDATION_END
1531730485846242, 4, CLIENT_FETCH_HTML_START
1531730485847670, 5, CLIENT_FETCH_HTML_END
1531730485845877, 6, CLIENT_EXTENDED_FINISHED_START
1531730485846211, 7, CLIENT_EXTENDED_FINISHED_END
1531730485826913, 8, CLIENT_TCP_CONNECT_START
1531730485827049, 9, CLIENT_TCP_CONNECT_END
1531730485847154, 10, CLIENT_MODIFICATION_RECORD_START
1531730485847664, 11, CLIENT_MODIFICATION_RECORD_END
1531730485828561, 30, CLIENT_CONNECT_START
1531730485828619, 31, CLIENT_CLIENT_HELLO_START
1531730485828741, 32, CLIENT_CLIENT_HELLO_END
1531730485828765, 33, CLIENT_SERVER_HELLO_START
1531730485831507, 34, CLIENT_SERVER_HELLO_END
1531730485831517, 35, CLIENT_SERVER_CERTIFICATE_START
1531730485832042, 36, CLIENT_SERVER_CERTIFICATE_END
1531730485832099, 39, CLIENT_SERVER_HELLO_DONE_START
1531730485832099, 40, CLIENT_SERVER_HELLO_DONE_END
1531730485835222, 41, CLIENT_CLIENT_KEY_EXCHANGE_START
1531730485835628, 42, CLIENT_CLIENT_KEY_EXCHANGE_END
1531730485835537, 43, CLIENT_CLIENT_CCS_START
1531730485835635, 45, CLIENT_CLIENT_FINISHED_START
1531730485835730, 46, CLIENT_CLIENT_FINISHED_END
1531730485845818, 51, CLIENT_SERVER_FINISHED_START
1531730485845877, 52, CLIENT_SERVER_FINISHED_END
1531730485845877, 53, CLIENT_SERVER_EXTENDED_FINISHED_START
1531730485846218, 54, CLIENT_SERVER_EXTENDED_FINISHED_END
1531730485828648, 60, CLIENT_CLIENT_HELLO_1S
1531730485828658, 61, CLIENT_CLIENT_HELLO_1E
1531730485831399, 100, CLIENT_SERVER_HELLO_1S
1531730485831437, 101, CLIENT_SERVER_HELLO_1E
1531730485831446, 102, CLIENT_SERVER_HELLO_2S
1531730485831453, 103, CLIENT_SERVER_HELLO_2E
1531730485831474, 104, CLIENT_SERVER_HELLO_3S
1531730485831490, 105, CLIENT_SERVER_HELLO_3E
1531730485832105, 146, CLIENT_GENERATE_ACCOUNTABILITY_KEYS_START
1531730485835212, 147, CLIENT_GENERATE_ACCOUNTABILITY_KEYS_END
1531730486495217, 0, CLIENT_HANDSHAKE_START
1531730486511627, 1, CLIENT_HANDSHAKE_END
1531730486499538, 2, CLIENT_CERT_VALIDATION_START
1531730486499895, 3, CLIENT_CERT_VALIDATION_END
1531730486511683, 4, CLIENT_FETCH_HTML_START
1531730486513873, 5, CLIENT_FETCH_HTML_END
1531730486510658, 6, CLIENT_EXTENDED_FINISHED_START
1531730486511593, 7, CLIENT_EXTENDED_FINISHED_END
1531730486494094, 8, CLIENT_TCP_CONNECT_START
1531730486494187, 9, CLIENT_TCP_CONNECT_END
1531730486512846, 10, CLIENT_MODIFICATION_RECORD_START
1531730486513867, 11, CLIENT_MODIFICATION_RECORD_END
1531730486495224, 30, CLIENT_CONNECT_START
1531730486495263, 31, CLIENT_CLIENT_HELLO_START
1531730486495390, 32, CLIENT_CLIENT_HELLO_END
1531730486495406, 33, CLIENT_SERVER_HELLO_START
1531730486499532, 34, CLIENT_SERVER_HELLO_END
1531730486499538, 35, CLIENT_SERVER_CERTIFICATE_START
1531730486499900, 36, CLIENT_SERVER_CERTIFICATE_END
1531730486499939, 39, CLIENT_SERVER_HELLO_DONE_START
1531730486499940, 40, CLIENT_SERVER_HELLO_DONE_END
1531730486501412, 41, CLIENT_CLIENT_KEY_EXCHANGE_START
1531730486501666, 42, CLIENT_CLIENT_KEY_EXCHANGE_END
1531730486501607, 43, CLIENT_CLIENT_CCS_START
1531730486501673, 45, CLIENT_CLIENT_FINISHED_START
1531730486501772, 46, CLIENT_CLIENT_FINISHED_END
1531730486510584, 51, CLIENT_SERVER_FINISHED_START
1531730486510657, 52, CLIENT_SERVER_FINISHED_END
1531730486510658, 53, CLIENT_SERVER_EXTENDED_FINISHED_START
1531730486511619, 54, CLIENT_SERVER_EXTENDED_FINISHED_END
1531730486495293, 60, CLIENT_CLIENT_HELLO_1S
1531730486495316, 61, CLIENT_CLIENT_HELLO_1E
1531730486499472, 100, CLIENT_SERVER_HELLO_1S
1531730486499494, 101, CLIENT_SERVER_HELLO_1E
1531730486499499, 102, CLIENT_SERVER_HELLO_2S
1531730486499506, 103, CLIENT_SERVER_HELLO_2E
1531730486499509, 104, CLIENT_SERVER_HELLO_3S
1531730486499517, 105, CLIENT_SERVER_HELLO_3E
1531730486499946, 146, CLIENT_GENERATE_ACCOUNTABILITY_KEYS_START
1531730486501404, 147, CLIENT_GENERATE_ACCOUNTABILITY_KEYS_END
1531730487140504, 0, CLIENT_HANDSHAKE_START
1531730487166168, 1, CLIENT_HANDSHAKE_END
1531730487146083, 2, CLIENT_CERT_VALIDATION_START
1531730487146669, 3, CLIENT_CERT_VALIDATION_END
1531730487166186, 4, CLIENT_FETCH_HTML_START
1531730487168457, 5, CLIENT_FETCH_HTML_END
1531730487165006, 6, CLIENT_EXTENDED_FINISHED_START
1531730487166151, 7, CLIENT_EXTENDED_FINISHED_END
1531730487138933, 8, CLIENT_TCP_CONNECT_START
1531730487139043, 9, CLIENT_TCP_CONNECT_END
1531730487167490, 10, CLIENT_MODIFICATION_RECORD_START
1531730487168453, 11, CLIENT_MODIFICATION_RECORD_END
1531730487140512, 30, CLIENT_CONNECT_START
1531730487140571, 31, CLIENT_CLIENT_HELLO_START
1531730487141001, 32, CLIENT_CLIENT_HELLO_END
1531730487141024, 33, CLIENT_SERVER_HELLO_START
1531730487146073, 34, CLIENT_SERVER_HELLO_END
1531730487146082, 35, CLIENT_SERVER_CERTIFICATE_START
1531730487146676, 36, CLIENT_SERVER_CERTIFICATE_END
1531730487146756, 39, CLIENT_SERVER_HELLO_DONE_START
1531730487146756, 40, CLIENT_SERVER_HELLO_DONE_END
1531730487149425, 41, CLIENT_CLIENT_KEY_EXCHANGE_START
1531730487149806, 42, CLIENT_CLIENT_KEY_EXCHANGE_END
1531730487149722, 43, CLIENT_CLIENT_CCS_START
1531730487149825, 45, CLIENT_CLIENT_FINISHED_START
1531730487149967, 46, CLIENT_CLIENT_FINISHED_END
1531730487164939, 51, CLIENT_SERVER_FINISHED_START
1531730487165006, 52, CLIENT_SERVER_FINISHED_END
1531730487165006, 53, CLIENT_SERVER_EXTENDED_FINISHED_START
1531730487166162, 54, CLIENT_SERVER_EXTENDED_FINISHED_END
1531730487140606, 60, CLIENT_CLIENT_HELLO_1S
1531730487140887, 61, CLIENT_CLIENT_HELLO_1E
1531730487145964, 100, CLIENT_SERVER_HELLO_1S
1531730487146003, 101, CLIENT_SERVER_HELLO_1E
1531730487146015, 102, CLIENT_SERVER_HELLO_2S
1531730487146024, 103, CLIENT_SERVER_HELLO_2E
1531730487146032, 104, CLIENT_SERVER_HELLO_3S
1531730487146055, 105, CLIENT_SERVER_HELLO_3E
1531730487146765, 146, CLIENT_GENERATE_ACCOUNTABILITY_KEYS_START
1531730487149414, 147, CLIENT_GENERATE_ACCOUNTABILITY_KEYS_END
1531730487842348, 0, CLIENT_HANDSHAKE_START
1531730487863221, 1, CLIENT_HANDSHAKE_END
1531730487846138, 2, CLIENT_CERT_VALIDATION_START
1531730487847125, 3, CLIENT_CERT_VALIDATION_END
1531730487863242, 4, CLIENT_FETCH_HTML_START
1531730487865140, 5, CLIENT_FETCH_HTML_END
1531730487862272, 6, CLIENT_EXTENDED_FINISHED_START
1531730487863202, 7, CLIENT_EXTENDED_FINISHED_END
1531730487840829, 8, CLIENT_TCP_CONNECT_START
1531730487840959, 9, CLIENT_TCP_CONNECT_END
1531730487864148, 10, CLIENT_MODIFICATION_RECORD_START
1531730487865134, 11, CLIENT_MODIFICATION_RECORD_END
1531730487842358, 30, CLIENT_CONNECT_START
1531730487842413, 31, CLIENT_CLIENT_HELLO_START
1531730487842507, 32, CLIENT_CLIENT_HELLO_END
1531730487842515, 33, CLIENT_SERVER_HELLO_START
1531730487846108, 34, CLIENT_SERVER_HELLO_END
1531730487846138, 35, CLIENT_SERVER_CERTIFICATE_START
1531730487847158, 36, CLIENT_SERVER_CERTIFICATE_END
1531730487847257, 39, CLIENT_SERVER_HELLO_DONE_START
1531730487847257, 40, CLIENT_SERVER_HELLO_DONE_END
1531730487850098, 41, CLIENT_CLIENT_KEY_EXCHANGE_START
1531730487850472, 42, CLIENT_CLIENT_KEY_EXCHANGE_END
1531730487850393, 43, CLIENT_CLIENT_CCS_START
1531730487850481, 45, CLIENT_CLIENT_FINISHED_START
1531730487850626, 46, CLIENT_CLIENT_FINISHED_END
1531730487862172, 51, CLIENT_SERVER_FINISHED_START
1531730487862271, 52, CLIENT_SERVER_FINISHED_END
1531730487862271, 53, CLIENT_SERVER_EXTENDED_FINISHED_START
1531730487863214, 54, CLIENT_SERVER_EXTENDED_FINISHED_END
1531730487842440, 60, CLIENT_CLIENT_HELLO_1S
1531730487842448, 61, CLIENT_CLIENT_HELLO_1E
1531730487845675, 100, CLIENT_SERVER_HELLO_1S
1531730487845744, 101, CLIENT_SERVER_HELLO_1E
1531730487845762, 102, CLIENT_SERVER_HELLO_2S
1531730487845770, 103, CLIENT_SERVER_HELLO_2E
1531730487845787, 104, CLIENT_SERVER_HELLO_3S
1531730487845817, 105, CLIENT_SERVER_HELLO_3E
1531730487847274, 146, CLIENT_GENERATE_ACCOUNTABILITY_KEYS_START
1531730487850087, 147, CLIENT_GENERATE_ACCOUNTABILITY_KEYS_END
1531730488644582, 0, CLIENT_HANDSHAKE_START
1531730488663309, 1, CLIENT_HANDSHAKE_END
1531730488652939, 2, CLIENT_CERT_VALIDATION_START
1531730488653416, 3, CLIENT_CERT_VALIDATION_END
1531730488663322, 4, CLIENT_FETCH_HTML_START
1531730488664356, 5, CLIENT_FETCH_HTML_END
1531730488662932, 6, CLIENT_EXTENDED_FINISHED_START
1531730488663296, 7, CLIENT_EXTENDED_FINISHED_END
1531730488642663, 8, CLIENT_TCP_CONNECT_START
1531730488642769, 9, CLIENT_TCP_CONNECT_END
1531730488664022, 10, CLIENT_MODIFICATION_RECORD_START
1531730488664353, 11, CLIENT_MODIFICATION_RECORD_END
1531730488644592, 30, CLIENT_CONNECT_START
1531730488644661, 31, CLIENT_CLIENT_HELLO_START
1531730488644761, 32, CLIENT_CLIENT_HELLO_END
1531730488646902, 33, CLIENT_SERVER_HELLO_START
1531730488652929, 34, CLIENT_SERVER_HELLO_END
1531730488652939, 35, CLIENT_SERVER_CERTIFICATE_START
1531730488653421, 36, CLIENT_SERVER_CERTIFICATE_END
1531730488653462, 39, CLIENT_SERVER_HELLO_DONE_START
1531730488653462, 40, CLIENT_SERVER_HELLO_DONE_END
1531730488654827, 41, CLIENT_CLIENT_KEY_EXCHANGE_START
1531730488655471, 42, CLIENT_CLIENT_KEY_EXCHANGE_END
1531730488655388, 43, CLIENT_CLIENT_CCS_START
1531730488655478, 45, CLIENT_CLIENT_FINISHED_START
1531730488655566, 46, CLIENT_CLIENT_FINISHED_END
1531730488662873, 51, CLIENT_SERVER_FINISHED_START
1531730488662932, 52, CLIENT_SERVER_FINISHED_END
1531730488662932, 53, CLIENT_SERVER_EXTENDED_FINISHED_START
1531730488663303, 54, CLIENT_SERVER_EXTENDED_FINISHED_END
1531730488644692, 60, CLIENT_CLIENT_HELLO_1S
1531730488644702, 61, CLIENT_CLIENT_HELLO_1E
1531730488652840, 100, CLIENT_SERVER_HELLO_1S
1531730488652871, 101, CLIENT_SERVER_HELLO_1E
1531730488652878, 102, CLIENT_SERVER_HELLO_2S
1531730488652886, 103, CLIENT_SERVER_HELLO_2E
1531730488652895, 104, CLIENT_SERVER_HELLO_3S
1531730488652916, 105, CLIENT_SERVER_HELLO_3E
1531730488653466, 146, CLIENT_GENERATE_ACCOUNTABILITY_KEYS_START
1531730488654822, 147, CLIENT_GENERATE_ACCOUNTABILITY_KEYS_END
1531730489336102, 0, CLIENT_HANDSHAKE_START
1531730489349395, 1, CLIENT_HANDSHAKE_END
1531730489338756, 2, CLIENT_CERT_VALIDATION_START
1531730489339256, 3, CLIENT_CERT_VALIDATION_END
1531730489349403, 4, CLIENT_FETCH_HTML_START
1531730489350333, 5, CLIENT_FETCH_HTML_END
1531730489349123, 6, CLIENT_EXTENDED_FINISHED_START
1531730489349377, 7, CLIENT_EXTENDED_FINISHED_END
1531730489333640, 8, CLIENT_TCP_CONNECT_START
1531730489333783, 9, CLIENT_TCP_CONNECT_END
1531730489349999, 10, CLIENT_MODIFICATION_RECORD_START
1531730489350330, 11, CLIENT_MODIFICATION_RECORD_END
1531730489336114, 30, CLIENT_CONNECT_START
1531730489336179, 31, CLIENT_CLIENT_HELLO_START
1531730489336286, 32, CLIENT_CLIENT_HELLO_END
1531730489336440, 33, CLIENT_SERVER_HELLO_START
1531730489338748, 34, CLIENT_SERVER_HELLO_END
1531730489338755, 35, CLIENT_SERVER_CERTIFICATE_START
1531730489339262, 36, CLIENT_SERVER_CERTIFICATE_END
1531730489339302, 39, CLIENT_SERVER_HELLO_DONE_START
1531730489339303, 40, CLIENT_SERVER_HELLO_DONE_END
1531730489340938, 41, CLIENT_CLIENT_KEY_EXCHANGE_START
1531730489341248, 42, CLIENT_CLIENT_KEY_EXCHANGE_END
1531730489341147, 43, CLIENT_CLIENT_CCS_START
1531730489341257, 45, CLIENT_CLIENT_FINISHED_START
1531730489341363, 46, CLIENT_CLIENT_FINISHED_END
1531730489349073, 51, CLIENT_SERVER_FINISHED_START
1531730489349123, 52, CLIENT_SERVER_FINISHED_END
1531730489349123, 53, CLIENT_SERVER_EXTENDED_FINISHED_START
1531730489349383, 54, CLIENT_SERVER_EXTENDED_FINISHED_END
1531730489336210, 60, CLIENT_CLIENT_HELLO_1S
1531730489336220, 61, CLIENT_CLIENT_HELLO_1E
1531730489338680, 100, CLIENT_SERVER_HELLO_1S
1531730489338702, 101, CLIENT_SERVER_HELLO_1E
1531730489338706, 102, CLIENT_SERVER_HELLO_2S
1531730489338712, 103, CLIENT_SERVER_HELLO_2E
1531730489338716, 104, CLIENT_SERVER_HELLO_3S
1531730489338722, 105, CLIENT_SERVER_HELLO_3E
1531730489339309, 146, CLIENT_GENERATE_ACCOUNTABILITY_KEYS_START
1531730489340930, 147, CLIENT_GENERATE_ACCOUNTABILITY_KEYS_END
1531730489962266, 0, CLIENT_HANDSHAKE_START
1531730489972142, 1, CLIENT_HANDSHAKE_END
1531730489964060, 2, CLIENT_CERT_VALIDATION_START
1531730489964342, 3, CLIENT_CERT_VALIDATION_END
1531730489972156, 4, CLIENT_FETCH_HTML_START
1531730489973296, 5, CLIENT_FETCH_HTML_END
1531730489971716, 6, CLIENT_EXTENDED_FINISHED_START
1531730489972129, 7, CLIENT_EXTENDED_FINISHED_END
1531730489961171, 8, CLIENT_TCP_CONNECT_START
1531730489961246, 9, CLIENT_TCP_CONNECT_END
1531730489972824, 10, CLIENT_MODIFICATION_RECORD_START
1531730489973293, 11, CLIENT_MODIFICATION_RECORD_END
1531730489962272, 30, CLIENT_CONNECT_START
1531730489962319, 31, CLIENT_CLIENT_HELLO_START
1531730489962444, 32, CLIENT_CLIENT_HELLO_END
1531730489962459, 33, CLIENT_SERVER_HELLO_START
1531730489964055, 34, CLIENT_SERVER_HELLO_END
1531730489964060, 35, CLIENT_SERVER_CERTIFICATE_START
1531730489964352, 36, CLIENT_SERVER_CERTIFICATE_END
1531730489964394, 39, CLIENT_SERVER_HELLO_DONE_START
1531730489964394, 40, CLIENT_SERVER_HELLO_DONE_END
1531730489965526, 41, CLIENT_CLIENT_KEY_EXCHANGE_START
1531730489965705, 42, CLIENT_CLIENT_KEY_EXCHANGE_END
1531730489965664, 43, CLIENT_CLIENT_CCS_START
1531730489965710, 45, CLIENT_CLIENT_FINISHED_START
1531730489965779, 46, CLIENT_CLIENT_FINISHED_END
1531730489971661, 51, CLIENT_SERVER_FINISHED_START
1531730489971716, 52, CLIENT_SERVER_FINISHED_END
1531730489971716, 53, CLIENT_SERVER_EXTENDED_FINISHED_START
1531730489972137, 54, CLIENT_SERVER_EXTENDED_FINISHED_END
1531730489962352, 60, CLIENT_CLIENT_HELLO_1S
1531730489962382, 61, CLIENT_CLIENT_HELLO_1E
1531730489963974, 100, CLIENT_SERVER_HELLO_1S
1531730489964007, 101, CLIENT_SERVER_HELLO_1E
1531730489964017, 102, CLIENT_SERVER_HELLO_2S
1531730489964021, 103, CLIENT_SERVER_HELLO_2E
1531730489964030, 104, CLIENT_SERVER_HELLO_3S
1531730489964046, 105, CLIENT_SERVER_HELLO_3E
1531730489964398, 146, CLIENT_GENERATE_ACCOUNTABILITY_KEYS_START
1531730489965521, 147, CLIENT_GENERATE_ACCOUNTABILITY_KEYS_END
1531730490573214, 0, CLIENT_HANDSHAKE_START
1531730490593803, 1, CLIENT_HANDSHAKE_END
1531730490576561, 2, CLIENT_CERT_VALIDATION_START
1531730490577107, 3, CLIENT_CERT_VALIDATION_END
1531730490593843, 4, CLIENT_FETCH_HTML_START
1531730490596395, 5, CLIENT_FETCH_HTML_END
1531730490593204, 6, CLIENT_EXTENDED_FINISHED_START
1531730490593783, 7, CLIENT_EXTENDED_FINISHED_END
1531730490571424, 8, CLIENT_TCP_CONNECT_START
1531730490571531, 9, CLIENT_TCP_CONNECT_END
1531730490595463, 10, CLIENT_MODIFICATION_RECORD_START
1531730490596388, 11, CLIENT_MODIFICATION_RECORD_END
1531730490573224, 30, CLIENT_CONNECT_START
1531730490573291, 31, CLIENT_CLIENT_HELLO_START
1531730490573396, 32, CLIENT_CLIENT_HELLO_END
1531730490573423, 33, CLIENT_SERVER_HELLO_START
1531730490576542, 34, CLIENT_SERVER_HELLO_END
1531730490576560, 35, CLIENT_SERVER_CERTIFICATE_START
1531730490577154, 36, CLIENT_SERVER_CERTIFICATE_END
1531730490577246, 39, CLIENT_SERVER_HELLO_DONE_START
1531730490577246, 40, CLIENT_SERVER_HELLO_DONE_END
1531730490579945, 41, CLIENT_CLIENT_KEY_EXCHANGE_START
1531730490580317, 42, CLIENT_CLIENT_KEY_EXCHANGE_END
1531730490580230, 43, CLIENT_CLIENT_CCS_START
1531730490580327, 45, CLIENT_CLIENT_FINISHED_START
1531730490580478, 46, CLIENT_CLIENT_FINISHED_END
1531730490593123, 51, CLIENT_SERVER_FINISHED_START
1531730490593204, 52, CLIENT_SERVER_FINISHED_END
1531730490593204, 53, CLIENT_SERVER_EXTENDED_FINISHED_START
1531730490593795, 54, CLIENT_SERVER_EXTENDED_FINISHED_END
1531730490573322, 60, CLIENT_CLIENT_HELLO_1S
1531730490573333, 61, CLIENT_CLIENT_HELLO_1E
1531730490576119, 100, CLIENT_SERVER_HELLO_1S
1531730490576192, 101, CLIENT_SERVER_HELLO_1E
1531730490576203, 102, CLIENT_SERVER_HELLO_2S
1531730490576209, 103, CLIENT_SERVER_HELLO_2E
1531730490576216, 104, CLIENT_SERVER_HELLO_3S
1531730490576512, 105, CLIENT_SERVER_HELLO_3E
1531730490577255, 146, CLIENT_GENERATE_ACCOUNTABILITY_KEYS_START
1531730490579935, 147, CLIENT_GENERATE_ACCOUNTABILITY_KEYS_END
1531730491203714, 0, CLIENT_HANDSHAKE_START
1531730491221562, 1, CLIENT_HANDSHAKE_END
1531730491206829, 2, CLIENT_CERT_VALIDATION_START
1531730491207377, 3, CLIENT_CERT_VALIDATION_END
1531730491221583, 4, CLIENT_FETCH_HTML_START
1531730491223392, 5, CLIENT_FETCH_HTML_END
1531730491221090, 6, CLIENT_EXTENDED_FINISHED_START
1531730491221543, 7, CLIENT_EXTENDED_FINISHED_END
1531730491202066, 8, CLIENT_TCP_CONNECT_START
1531730491202170, 9, CLIENT_TCP_CONNECT_END
1531730491222555, 10, CLIENT_MODIFICATION_RECORD_START
1531730491223387, 11, CLIENT_MODIFICATION_RECORD_END
1531730491203723, 30, CLIENT_CONNECT_START
1531730491203782, 31, CLIENT_CLIENT_HELLO_START
1531730491203889, 32, CLIENT_CLIENT_HELLO_END
1531730491203902, 33, CLIENT_SERVER_HELLO_START
1531730491206823, 34, CLIENT_SERVER_HELLO_END
1531730491206829, 35, CLIENT_SERVER_CERTIFICATE_START
1531730491207384, 36, CLIENT_SERVER_CERTIFICATE_END
1531730491207442, 39, CLIENT_SERVER_HELLO_DONE_START
1531730491207442, 40, CLIENT_SERVER_HELLO_DONE_END
1531730491209309, 41, CLIENT_CLIENT_KEY_EXCHANGE_START
1531730491209675, 42, CLIENT_CLIENT_KEY_EXCHANGE_END
1531730491209587, 43, CLIENT_CLIENT_CCS_START
1531730491209682, 45, CLIENT_CLIENT_FINISHED_START
1531730491209782, 46, CLIENT_CLIENT_FINISHED_END
1531730491221007, 51, CLIENT_SERVER_FINISHED_START
1531730491221090, 52, CLIENT_SERVER_FINISHED_END
1531730491221090, 53, CLIENT_SERVER_EXTENDED_FINISHED_START
1531730491221555, 54, CLIENT_SERVER_EXTENDED_FINISHED_END
1531730491203811, 60, CLIENT_CLIENT_HELLO_1S
1531730491203821, 61, CLIENT_CLIENT_HELLO_1E
1531730491206753, 100, CLIENT_SERVER_HELLO_1S
1531730491206779, 101, CLIENT_SERVER_HELLO_1E
1531730491206786, 102, CLIENT_SERVER_HELLO_2S
1531730491206795, 103, CLIENT_SERVER_HELLO_2E
1531730491206800, 104, CLIENT_SERVER_HELLO_3S
1531730491206810, 105, CLIENT_SERVER_HELLO_3E
1531730491207447, 146, CLIENT_GENERATE_ACCOUNTABILITY_KEYS_START
1531730491209302, 147, CLIENT_GENERATE_ACCOUNTABILITY_KEYS_END
1531730491842011, 0, CLIENT_HANDSHAKE_START
1531730491857225, 1, CLIENT_HANDSHAKE_END
1531730491845108, 2, CLIENT_CERT_VALIDATION_START
1531730491845723, 3, CLIENT_CERT_VALIDATION_END
1531730491857242, 4, CLIENT_FETCH_HTML_START
1531730491858745, 5, CLIENT_FETCH_HTML_END
1531730491856659, 6, CLIENT_EXTENDED_FINISHED_START
1531730491857210, 7, CLIENT_EXTENDED_FINISHED_END
1531730491840438, 8, CLIENT_TCP_CONNECT_START
1531730491840562, 9, CLIENT_TCP_CONNECT_END
1531730491858116, 10, CLIENT_MODIFICATION_RECORD_START
1531730491858741, 11, CLIENT_MODIFICATION_RECORD_END
1531730491842019, 30, CLIENT_CONNECT_START
1531730491842076, 31, CLIENT_CLIENT_HELLO_START
1531730491842187, 32, CLIENT_CLIENT_HELLO_END
1531730491842195, 33, CLIENT_SERVER_HELLO_START
1531730491845097, 34, CLIENT_SERVER_HELLO_END
1531730491845108, 35, CLIENT_SERVER_CERTIFICATE_START
1531730491845731, 36, CLIENT_SERVER_CERTIFICATE_END
1531730491845792, 39, CLIENT_SERVER_HELLO_DONE_START
1531730491845793, 40, CLIENT_SERVER_HELLO_DONE_END
1531730491848337, 41, CLIENT_CLIENT_KEY_EXCHANGE_START
1531730491848584, 42, CLIENT_CLIENT_KEY_EXCHANGE_END
1531730491848528, 43, CLIENT_CLIENT_CCS_START
1531730491848606, 45, CLIENT_CLIENT_FINISHED_START
1531730491848719, 46, CLIENT_CLIENT_FINISHED_END
1531730491856604, 51, CLIENT_SERVER_FINISHED_START
1531730491856659, 52, CLIENT_SERVER_FINISHED_END
1531730491856659, 53, CLIENT_SERVER_EXTENDED_FINISHED_START
1531730491857219, 54, CLIENT_SERVER_EXTENDED_FINISHED_END
1531730491842102, 60, CLIENT_CLIENT_HELLO_1S
1531730491842112, 61, CLIENT_CLIENT_HELLO_1E
1531730491845018, 100, CLIENT_SERVER_HELLO_1S
1531730491845053, 101, CLIENT_SERVER_HELLO_1E
1531730491845060, 102, CLIENT_SERVER_HELLO_2S
1531730491845068, 103, CLIENT_SERVER_HELLO_2E
1531730491845074, 104, CLIENT_SERVER_HELLO_3S
1531730491845084, 105, CLIENT_SERVER_HELLO_3E
1531730491845801, 146, CLIENT_GENERATE_ACCOUNTABILITY_KEYS_START
1531730491848322, 147, CLIENT_GENERATE_ACCOUNTABILITY_KEYS_END
1531730492419755, 0, CLIENT_HANDSHAKE_START
1531730492439840, 1, CLIENT_HANDSHAKE_END
1531730492422654, 2, CLIENT_CERT_VALIDATION_START
1531730492423202, 3, CLIENT_CERT_VALIDATION_END
1531730492439861, 4, CLIENT_FETCH_HTML_START
1531730492442292, 5, CLIENT_FETCH_HTML_END
1531730492439172, 6, CLIENT_EXTENDED_FINISHED_START
1531730492439817, 7, CLIENT_EXTENDED_FINISHED_END
1531730492418148, 8, CLIENT_TCP_CONNECT_START
1531730492418272, 9, CLIENT_TCP_CONNECT_END
1531730492441144, 10, CLIENT_MODIFICATION_RECORD_START
1531730492442285, 11, CLIENT_MODIFICATION_RECORD_END
1531730492419767, 30, CLIENT_CONNECT_START
1531730492419839, 31, CLIENT_CLIENT_HELLO_START
1531730492419984, 32, CLIENT_CLIENT_HELLO_END
1531730492419993, 33, CLIENT_SERVER_HELLO_START
1531730492422644, 34, CLIENT_SERVER_HELLO_END
1531730492422653, 35, CLIENT_SERVER_CERTIFICATE_START
1531730492423212, 36, CLIENT_SERVER_CERTIFICATE_END
1531730492423274, 39, CLIENT_SERVER_HELLO_DONE_START
1531730492423274, 40, CLIENT_SERVER_HELLO_DONE_END
1531730492425638, 41, CLIENT_CLIENT_KEY_EXCHANGE_START
1531730492426252, 42, CLIENT_CLIENT_KEY_EXCHANGE_END
1531730492426164, 43, CLIENT_CLIENT_CCS_START
1531730492426266, 45, CLIENT_CLIENT_FINISHED_START
1531730492426408, 46, CLIENT_CLIENT_FINISHED_END
1531730492439061, 51, CLIENT_SERVER_FINISHED_START
1531730492439172, 52, CLIENT_SERVER_FINISHED_END
1531730492439172, 53, CLIENT_SERVER_EXTENDED_FINISHED_START
1531730492439830, 54, CLIENT_SERVER_EXTENDED_FINISHED_END
1531730492419872, 60, CLIENT_CLIENT_HELLO_1S
1531730492419882, 61, CLIENT_CLIENT_HELLO_1E
1531730492422552, 100, CLIENT_SERVER_HELLO_1S
1531730492422584, 101, CLIENT_SERVER_HELLO_1E
1531730492422592, 102, CLIENT_SERVER_HELLO_2S
1531730492422600, 103, CLIENT_SERVER_HELLO_2E
1531730492422609, 104, CLIENT_SERVER_HELLO_3S
1531730492422624, 105, CLIENT_SERVER_HELLO_3E
1531730492423283, 146, CLIENT_GENERATE_ACCOUNTABILITY_KEYS_START
1531730492425627, 147, CLIENT_GENERATE_ACCOUNTABILITY_KEYS_END
1531730493094421, 0, CLIENT_HANDSHAKE_START
1531730493112318, 1, CLIENT_HANDSHAKE_END
1531730493097194, 2, CLIENT_CERT_VALIDATION_START
1531730493097699, 3, CLIENT_CERT_VALIDATION_END
1531730493112340, 4, CLIENT_FETCH_HTML_START
1531730493114037, 5, CLIENT_FETCH_HTML_END
1531730493111735, 6, CLIENT_EXTENDED_FINISHED_START
1531730493112300, 7, CLIENT_EXTENDED_FINISHED_END
1531730493092802, 8, CLIENT_TCP_CONNECT_START
1531730493092909, 9, CLIENT_TCP_CONNECT_END
1531730493113296, 10, CLIENT_MODIFICATION_RECORD_START
1531730493114032, 11, CLIENT_MODIFICATION_RECORD_END
1531730493094429, 30, CLIENT_CONNECT_START
1531730493094489, 31, CLIENT_CLIENT_HELLO_START
1531730493094592, 32, CLIENT_CLIENT_HELLO_END
1531730493094603, 33, CLIENT_SERVER_HELLO_START
1531730493097184, 34, CLIENT_SERVER_HELLO_END
1531730493097194, 35, CLIENT_SERVER_CERTIFICATE_START
1531730493097706, 36, CLIENT_SERVER_CERTIFICATE_END
1531730493097763, 39, CLIENT_SERVER_HELLO_DONE_START
1531730493097763, 40, CLIENT_SERVER_HELLO_DONE_END
1531730493099749, 41, CLIENT_CLIENT_KEY_EXCHANGE_START
1531730493100106, 42, CLIENT_CLIENT_KEY_EXCHANGE_END
1531730493100024, 43, CLIENT_CLIENT_CCS_START
1531730493100116, 45, CLIENT_CLIENT_FINISHED_START
1531730493100251, 46, CLIENT_CLIENT_FINISHED_END
1531730493111652, 51, CLIENT_SERVER_FINISHED_START
1531730493111734, 52, CLIENT_SERVER_FINISHED_END
1531730493111734, 53, CLIENT_SERVER_EXTENDED_FINISHED_START
1531730493112312, 54, CLIENT_SERVER_EXTENDED_FINISHED_END
1531730493094520, 60, CLIENT_CLIENT_HELLO_1S
1531730493094531, 61, CLIENT_CLIENT_HELLO_1E
1531730493097102, 100, CLIENT_SERVER_HELLO_1S
1531730493097132, 101, CLIENT_SERVER_HELLO_1E
1531730493097140, 102, CLIENT_SERVER_HELLO_2S
1531730493097147, 103, CLIENT_SERVER_HELLO_2E
1531730493097157, 104, CLIENT_SERVER_HELLO_3S
1531730493097171, 105, CLIENT_SERVER_HELLO_3E
1531730493097769, 146, CLIENT_GENERATE_ACCOUNTABILITY_KEYS_START
1531730493099738, 147, CLIENT_GENERATE_ACCOUNTABILITY_KEYS_END
1531730493812376, 0, CLIENT_HANDSHAKE_START
1531730493830747, 1, CLIENT_HANDSHAKE_END
1531730493815356, 2, CLIENT_CERT_VALIDATION_START
1531730493815854, 3, CLIENT_CERT_VALIDATION_END
1531730493830771, 4, CLIENT_FETCH_HTML_START
1531730493832525, 5, CLIENT_FETCH_HTML_END
1531730493830144, 6, CLIENT_EXTENDED_FINISHED_START
1531730493830723, 7, CLIENT_EXTENDED_FINISHED_END
1531730493810630, 8, CLIENT_TCP_CONNECT_START
1531730493810750, 9, CLIENT_TCP_CONNECT_END
1531730493831946, 10, CLIENT_MODIFICATION_RECORD_START
1531730493832521, 11, CLIENT_MODIFICATION_RECORD_END
1531730493812386, 30, CLIENT_CONNECT_START
1531730493812453, 31, CLIENT_CLIENT_HELLO_START
1531730493812576, 32, CLIENT_CLIENT_HELLO_END
1531730493812604, 33, CLIENT_SERVER_HELLO_START
1531730493815349, 34, CLIENT_SERVER_HELLO_END
1531730493815355, 35, CLIENT_SERVER_CERTIFICATE_START
1531730493815864, 36, CLIENT_SERVER_CERTIFICATE_END
1531730493815927, 39, CLIENT_SERVER_HELLO_DONE_START
1531730493815927, 40, CLIENT_SERVER_HELLO_DONE_END
1531730493818433, 41, CLIENT_CLIENT_KEY_EXCHANGE_START
1531730493818792, 42, CLIENT_CLIENT_KEY_EXCHANGE_END
1531730493818707, 43, CLIENT_CLIENT_CCS_START
1531730493818802, 45, CLIENT_CLIENT_FINISHED_START
1531730493818952, 46, CLIENT_CLIENT_FINISHED_END
1531730493830072, 51, CLIENT_SERVER_FINISHED_START
1531730493830144, 52, CLIENT_SERVER_FINISHED_END
1531730493830144, 53, CLIENT_SERVER_EXTENDED_FINISHED_START
1531730493830735, 54, CLIENT_SERVER_EXTENDED_FINISHED_END
1531730493812486, 60, CLIENT_CLIENT_HELLO_1S
1531730493812507, 61, CLIENT_CLIENT_HELLO_1E
1531730493815263, 100, CLIENT_SERVER_HELLO_1S
1531730493815289, 101, CLIENT_SERVER_HELLO_1E
1531730493815295, 102, CLIENT_SERVER_HELLO_2S
1531730493815302, 103, CLIENT_SERVER_HELLO_2E
1531730493815307, 104, CLIENT_SERVER_HELLO_3S
1531730493815334, 105, CLIENT_SERVER_HELLO_3E
1531730493815936, 146, CLIENT_GENERATE_ACCOUNTABILITY_KEYS_START
1531730493818423, 147, CLIENT_GENERATE_ACCOUNTABILITY_KEYS_END
1531730494563970, 0, CLIENT_HANDSHAKE_START
1531730494584399, 1, CLIENT_HANDSHAKE_END
1531730494569897, 2, CLIENT_CERT_VALIDATION_START
1531730494570447, 3, CLIENT_CERT_VALIDATION_END
1531730494584409, 4, CLIENT_FETCH_HTML_START
1531730494585734, 5, CLIENT_FETCH_HTML_END
1531730494583879, 6, CLIENT_EXTENDED_FINISHED_START
1531730494584386, 7, CLIENT_EXTENDED_FINISHED_END
1531730494562331, 8, CLIENT_TCP_CONNECT_START
1531730494562446, 9, CLIENT_TCP_CONNECT_END
1531730494585111, 10, CLIENT_MODIFICATION_RECORD_START
1531730494585729, 11, CLIENT_MODIFICATION_RECORD_END
1531730494563985, 30, CLIENT_CONNECT_START
1531730494564045, 31, CLIENT_CLIENT_HELLO_START
1531730494564158, 32, CLIENT_CLIENT_HELLO_END
1531730494564189, 33, CLIENT_SERVER_HELLO_START
1531730494569886, 34, CLIENT_SERVER_HELLO_END
1531730494569896, 35, CLIENT_SERVER_CERTIFICATE_START
1531730494570461, 36, CLIENT_SERVER_CERTIFICATE_END
1531730494570532, 39, CLIENT_SERVER_HELLO_DONE_START
1531730494570533, 40, CLIENT_SERVER_HELLO_DONE_END
1531730494573046, 41, CLIENT_CLIENT_KEY_EXCHANGE_START
1531730494573412, 42, CLIENT_CLIENT_KEY_EXCHANGE_END
1531730494573331, 43, CLIENT_CLIENT_CCS_START
1531730494573422, 45, CLIENT_CLIENT_FINISHED_START
1531730494573542, 46, CLIENT_CLIENT_FINISHED_END
1531730494583822, 51, CLIENT_SERVER_FINISHED_START
1531730494583878, 52, CLIENT_SERVER_FINISHED_END
1531730494583879, 53, CLIENT_SERVER_EXTENDED_FINISHED_START
1531730494584393, 54, CLIENT_SERVER_EXTENDED_FINISHED_END
1531730494564075, 60, CLIENT_CLIENT_HELLO_1S
1531730494564085, 61, CLIENT_CLIENT_HELLO_1E
1531730494569781, 100, CLIENT_SERVER_HELLO_1S
1531730494569821, 101, CLIENT_SERVER_HELLO_1E
1531730494569831, 102, CLIENT_SERVER_HELLO_2S
1531730494569839, 103, CLIENT_SERVER_HELLO_2E
1531730494569848, 104, CLIENT_SERVER_HELLO_3S
1531730494569864, 105, CLIENT_SERVER_HELLO_3E
1531730494570540, 146, CLIENT_GENERATE_ACCOUNTABILITY_KEYS_START
1531730494573035, 147, CLIENT_GENERATE_ACCOUNTABILITY_KEYS_END
1531730684840109, 0, CLIENT_HANDSHAKE_START
1531730684854709, 1, CLIENT_HANDSHAKE_END
1531730684842833, 2, CLIENT_CERT_VALIDATION_START
1531730684843341, 3, CLIENT_CERT_VALIDATION_END
1531730684854729, 4, CLIENT_FETCH_HTML_START
1531730684854893, 5, CLIENT_FETCH_HTML_END
1531730684854545, 6, CLIENT_EXTENDED_FINISHED_START
1531730684854678, 7, CLIENT_EXTENDED_FINISHED_END
1531730684838527, 8, CLIENT_TCP_CONNECT_START
1531730684838638, 9, CLIENT_TCP_CONNECT_END
1531730684854875, 10, CLIENT_MODIFICATION_RECORD_START
1531730684854886, 11, CLIENT_MODIFICATION_RECORD_END
1531730684840118, 30, CLIENT_CONNECT_START
1531730684840177, 31, CLIENT_CLIENT_HELLO_START
1531730684840265, 32, CLIENT_CLIENT_HELLO_END
1531730684840275, 33, CLIENT_SERVER_HELLO_START
1531730684842825, 34, CLIENT_SERVER_HELLO_END
1531730684842833, 35, CLIENT_SERVER_CERTIFICATE_START
1531730684843357, 36, CLIENT_SERVER_CERTIFICATE_END
1531730684843415, 39, CLIENT_SERVER_HELLO_DONE_START
1531730684843415, 40, CLIENT_SERVER_HELLO_DONE_END
1531730684844715, 41, CLIENT_CLIENT_KEY_EXCHANGE_START
1531730684845089, 42, CLIENT_CLIENT_KEY_EXCHANGE_END
1531730684845005, 43, CLIENT_CLIENT_CCS_START
1531730684845110, 45, CLIENT_CLIENT_FINISHED_START
1531730684845152, 46, CLIENT_CLIENT_FINISHED_END
1531730684854465, 51, CLIENT_SERVER_FINISHED_START
1531730684854545, 52, CLIENT_SERVER_FINISHED_END
1531730684854545, 53, CLIENT_SERVER_EXTENDED_FINISHED_START
1531730684854701, 54, CLIENT_SERVER_EXTENDED_FINISHED_END
1531730684840197, 60, CLIENT_CLIENT_HELLO_1S
1531730684840197, 61, CLIENT_CLIENT_HELLO_1E
1531730684842760, 100, CLIENT_SERVER_HELLO_1S
1531730684842760, 101, CLIENT_SERVER_HELLO_1E
1531730684842796, 102, CLIENT_SERVER_HELLO_2S
1531730684842803, 103, CLIENT_SERVER_HELLO_2E
1531730684842813, 104, CLIENT_SERVER_HELLO_3S
1531730684842814, 105, CLIENT_SERVER_HELLO_3E
1531730684843423, 146, CLIENT_GENERATE_ACCOUNTABILITY_KEYS_START
1531730684844682, 147, CLIENT_GENERATE_ACCOUNTABILITY_KEYS_END
1531730691463975, 0, CLIENT_HANDSHAKE_START
1531730691478060, 1, CLIENT_HANDSHAKE_END
1531730691466017, 2, CLIENT_CERT_VALIDATION_START
1531730691466478, 3, CLIENT_CERT_VALIDATION_END
1531730691478074, 4, CLIENT_FETCH_HTML_START
1531730691478355, 5, CLIENT_FETCH_HTML_END
1531730691477908, 6, CLIENT_EXTENDED_FINISHED_START
1531730691478039, 7, CLIENT_EXTENDED_FINISHED_END
1531730691462114, 8, CLIENT_TCP_CONNECT_START
1531730691462218, 9, CLIENT_TCP_CONNECT_END
1531730691478335, 10, CLIENT_MODIFICATION_RECORD_START
1531730691478346, 11, CLIENT_MODIFICATION_RECORD_END
1531730691463987, 30, CLIENT_CONNECT_START
1531730691464048, 31, CLIENT_CLIENT_HELLO_START
1531730691464135, 32, CLIENT_CLIENT_HELLO_END
1531730691464145, 33, CLIENT_SERVER_HELLO_START
1531730691465997, 34, CLIENT_SERVER_HELLO_END
1531730691466016, 35, CLIENT_SERVER_CERTIFICATE_START
1531730691466497, 36, CLIENT_SERVER_CERTIFICATE_END
1531730691466558, 39, CLIENT_SERVER_HELLO_DONE_START
1531730691466558, 40, CLIENT_SERVER_HELLO_DONE_END
1531730691468040, 41, CLIENT_CLIENT_KEY_EXCHANGE_START
1531730691468450, 42, CLIENT_CLIENT_KEY_EXCHANGE_END
1531730691468372, 43, CLIENT_CLIENT_CCS_START
1531730691468459, 45, CLIENT_CLIENT_FINISHED_START
1531730691468501, 46, CLIENT_CLIENT_FINISHED_END
1531730691477831, 51, CLIENT_SERVER_FINISHED_START
1531730691477908, 52, CLIENT_SERVER_FINISHED_END
1531730691477908, 53, CLIENT_SERVER_EXTENDED_FINISHED_START
1531730691478053, 54, CLIENT_SERVER_EXTENDED_FINISHED_END
1531730691464071, 60, CLIENT_CLIENT_HELLO_1S
1531730691464071, 61, CLIENT_CLIENT_HELLO_1E
1531730691465912, 100, CLIENT_SERVER_HELLO_1S
1531730691465912, 101, CLIENT_SERVER_HELLO_1E
1531730691465948, 102, CLIENT_SERVER_HELLO_2S
1531730691465955, 103, CLIENT_SERVER_HELLO_2E
1531730691465975, 104, CLIENT_SERVER_HELLO_3S
1531730691465976, 105, CLIENT_SERVER_HELLO_3E
1531730691466567, 146, CLIENT_GENERATE_ACCOUNTABILITY_KEYS_START
1531730691467992, 147, CLIENT_GENERATE_ACCOUNTABILITY_KEYS_END
