1531728286243862, 0, CLIENT_HANDSHAKE_START
1531728286253441, 1, CLIENT_HANDSHAKE_END
1531728286245189, 2, CLIENT_CERT_VALIDATION_START
1531728286245618, 3, CLIENT_CERT_VALIDATION_END
1531728286253504, 4, CLIENT_FETCH_HTML_START
1531728286253772, 5, CLIENT_FETCH_HTML_END
1531728286241930, 8, CLIENT_TCP_CONNECT_START
1531728286242061, 9, CLIENT_TCP_CONNECT_END
1531728286243871, 30, CLIENT_CONNECT_START
1531728286243946, 31, CLIENT_CLIENT_HELLO_START
1531728286244090, 32, CLIENT_CLIENT_HELLO_END
1531728286244119, 33, CLIENT_SERVER_HELLO_START
1531728286245154, 34, CLIENT_SERVER_HELLO_END
1531728286245188, 35, CLIENT_SERVER_CERTIFICATE_START
1531728286245654, 36, CLIENT_SERVER_CERTIFICATE_END
1531728286245738, 39, CLIENT_SERVER_HELLO_DONE_START
1531728286245739, 40, CLIENT_SERVER_HELLO_DONE_END
1531728286246228, 41, CLIENT_CLIENT_KEY_EXCHANGE_START
1531728286246598, 42, CLIENT_CLIENT_KEY_EXCHANGE_END
1531728286246523, 43, CLIENT_CLIENT_CCS_START
1531728286246608, 45, CLIENT_CLIENT_FINISHED_START
1531728286246753, 46, CLIENT_CLIENT_FINISHED_END
1531728286253307, 51, CLIENT_SERVER_FINISHED_START
1531728286253417, 52, CLIENT_SERVER_FINISHED_END
1531728286243977, 60, CLIENT_CLIENT_HELLO_1S
1531728286243987, 61, CLIENT_CLIENT_HELLO_1E
1531728286245749, 146, CLIENT_GENERATE_ACCOUNTABILITY_KEYS_START
1531728286246218, 147, CLIENT_GENERATE_ACCOUNTABILITY_KEYS_END
1531728291866782, 0, CLIENT_HANDSHAKE_START
1531728292115357, 1, CLIENT_HANDSHAKE_END
1531728292115370, 4, CLIENT_FETCH_HTML_START
1531728292115390, 5, CLIENT_FETCH_HTML_END
1531728291865194, 8, CLIENT_TCP_CONNECT_START
1531728291865302, 9, CLIENT_TCP_CONNECT_END
1531728292115386, 30, CLIENT_CONNECT_START
1531728291866849, 31, CLIENT_CLIENT_HELLO_START
1531728291866959, 32, CLIENT_CLIENT_HELLO_END
1531728292115386, 33, CLIENT_SERVER_HELLO_START
1531728292115387, 34, CLIENT_SERVER_HELLO_END
1531728291866876, 60, CLIENT_CLIENT_HELLO_1S
1531728291866885, 61, CLIENT_CLIENT_HELLO_1E
1531728376282807, 0, CLIENT_HANDSHAKE_START
1531728376293126, 1, CLIENT_HANDSHAKE_END
1531728376284515, 2, CLIENT_CERT_VALIDATION_START
1531728376284950, 3, CLIENT_CERT_VALIDATION_END
1531728376293159, 4, CLIENT_FETCH_HTML_START
1531728376293307, 5, CLIENT_FETCH_HTML_END
1531728376281171, 8, CLIENT_TCP_CONNECT_START
1531728376281287, 9, CLIENT_TCP_CONNECT_END
1531728376282816, 30, CLIENT_CONNECT_START
1531728376282877, 31, CLIENT_CLIENT_HELLO_START
1531728376283049, 32, CLIENT_CLIENT_HELLO_END
1531728376283061, 33, CLIENT_SERVER_HELLO_START
1531728376284493, 34, CLIENT_SERVER_HELLO_END
1531728376284514, 35, CLIENT_SERVER_CERTIFICATE_START
1531728376284965, 36, CLIENT_SERVER_CERTIFICATE_END
1531728376285023, 39, CLIENT_SERVER_HELLO_DONE_START
1531728376285023, 40, CLIENT_SERVER_HELLO_DONE_END
1531728376285427, 41, CLIENT_CLIENT_KEY_EXCHANGE_START
1531728376285793, 42, CLIENT_CLIENT_KEY_EXCHANGE_END
1531728376285718, 43, CLIENT_CLIENT_CCS_START
1531728376285802, 45, CLIENT_CLIENT_FINISHED_START
1531728376285914, 46, CLIENT_CLIENT_FINISHED_END
1531728376293006, 51, CLIENT_SERVER_FINISHED_START
1531728376293100, 52, CLIENT_SERVER_FINISHED_END
1531728376282907, 60, CLIENT_CLIENT_HELLO_1S
1531728376282944, 61, CLIENT_CLIENT_HELLO_1E
1531728376285031, 146, CLIENT_GENERATE_ACCOUNTABILITY_KEYS_START
1531728376285417, 147, CLIENT_GENERATE_ACCOUNTABILITY_KEYS_END
1531728382537262, 0, CLIENT_HANDSHAKE_START
1531728382665509, 1, CLIENT_HANDSHAKE_END
1531728382665523, 4, CLIENT_FETCH_HTML_START
1531728382665538, 5, CLIENT_FETCH_HTML_END
1531728382535571, 8, CLIENT_TCP_CONNECT_START
1531728382535697, 9, CLIENT_TCP_CONNECT_END
1531728382665535, 30, CLIENT_CONNECT_START
1531728382537329, 31, CLIENT_CLIENT_HELLO_START
1531728382537459, 32, CLIENT_CLIENT_HELLO_END
1531728382665535, 33, CLIENT_SERVER_HELLO_START
1531728382665536, 34, CLIENT_SERVER_HELLO_END
1531728382537358, 60, CLIENT_CLIENT_HELLO_1S
1531728382537392, 61, CLIENT_CLIENT_HELLO_1E
1531728701762778, 0, CLIENT_HANDSHAKE_START
1531728701782389, 1, CLIENT_HANDSHAKE_END
1531728701766159, 2, CLIENT_CERT_VALIDATION_START
1531728701766677, 3, CLIENT_CERT_VALIDATION_END
1531728701782405, 4, CLIENT_FETCH_HTML_START
1531728701784113, 5, CLIENT_FETCH_HTML_END
1531728701781862, 6, CLIENT_EXTENDED_FINISHED_START
1531728701782368, 7, CLIENT_EXTENDED_FINISHED_END
1531728701761042, 8, CLIENT_TCP_CONNECT_START
1531728701761182, 9, CLIENT_TCP_CONNECT_END
1531728701783493, 10, CLIENT_MODIFICATION_RECORD_START
1531728701784095, 11, CLIENT_MODIFICATION_RECORD_END
1531728701762788, 30, CLIENT_CONNECT_START
1531728701762849, 31, CLIENT_CLIENT_HELLO_START
1531728701762979, 32, CLIENT_CLIENT_HELLO_END
1531728701763015, 33, CLIENT_SERVER_HELLO_START
1531728701766150, 34, CLIENT_SERVER_HELLO_END
1531728701766158, 35, CLIENT_SERVER_CERTIFICATE_START
1531728701766687, 36, CLIENT_SERVER_CERTIFICATE_END
1531728701766750, 39, CLIENT_SERVER_HELLO_DONE_START
1531728701766750, 40, CLIENT_SERVER_HELLO_DONE_END
1531728701768916, 41, CLIENT_CLIENT_KEY_EXCHANGE_START
1531728701769278, 42, CLIENT_CLIENT_KEY_EXCHANGE_END
1531728701769199, 43, CLIENT_CLIENT_CCS_START
1531728701769288, 45, CLIENT_CLIENT_FINISHED_START
1531728701769408, 46, CLIENT_CLIENT_FINISHED_END
1531728701781805, 51, CLIENT_SERVER_FINISHED_START
1531728701781861, 52, CLIENT_SERVER_FINISHED_END
1531728701781861, 53, CLIENT_SERVER_EXTENDED_FINISHED_START
1531728701782377, 54, CLIENT_SERVER_EXTENDED_FINISHED_END
1531728701762877, 60, CLIENT_CLIENT_HELLO_1S
1531728701762887, 61, CLIENT_CLIENT_HELLO_1E
1531728701766065, 100, CLIENT_SERVER_HELLO_1S
1531728701766097, 101, CLIENT_SERVER_HELLO_1E
1531728701766105, 102, CLIENT_SERVER_HELLO_2S
1531728701766112, 103, CLIENT_SERVER_HELLO_2E
1531728701766118, 104, CLIENT_SERVER_HELLO_3S
1531728701766131, 105, CLIENT_SERVER_HELLO_3E
1531728701766758, 146, CLIENT_GENERATE_ACCOUNTABILITY_KEYS_START
1531728701768909, 147, CLIENT_GENERATE_ACCOUNTABILITY_KEYS_END
1531728891999779, 0, CLIENT_HANDSHAKE_START
1531728892023719, 1, CLIENT_HANDSHAKE_END
1531728892003531, 2, CLIENT_CERT_VALIDATION_START
1531728892004130, 3, CLIENT_CERT_VALIDATION_END
1531728892023760, 4, CLIENT_FETCH_HTML_START
1531728892025735, 5, CLIENT_FETCH_HTML_END
1531728892022566, 6, CLIENT_EXTENDED_FINISHED_START
1531728892023657, 7, CLIENT_EXTENDED_FINISHED_END
1531728891996496, 8, CLIENT_TCP_CONNECT_START
1531728891996616, 9, CLIENT_TCP_CONNECT_END
1531728892024989, 10, CLIENT_MODIFICATION_RECORD_START
1531728892025730, 11, CLIENT_MODIFICATION_RECORD_END
1531728891999788, 30, CLIENT_CONNECT_START
1531728891999863, 31, CLIENT_CLIENT_HELLO_START
1531728892000271, 32, CLIENT_CLIENT_HELLO_END
1531728892000288, 33, CLIENT_SERVER_HELLO_START
1531728892003511, 34, CLIENT_SERVER_HELLO_END
1531728892003531, 35, CLIENT_SERVER_CERTIFICATE_START
1531728892004159, 36, CLIENT_SERVER_CERTIFICATE_END
1531728892004246, 39, CLIENT_SERVER_HELLO_DONE_START
1531728892004246, 40, CLIENT_SERVER_HELLO_DONE_END
1531728892006650, 41, CLIENT_CLIENT_KEY_EXCHANGE_START
1531728892007228, 42, CLIENT_CLIENT_KEY_EXCHANGE_END
1531728892007144, 43, CLIENT_CLIENT_CCS_START
1531728892007239, 45, CLIENT_CLIENT_FINISHED_START
1531728892007504, 46, CLIENT_CLIENT_FINISHED_END
1531728892022454, 51, CLIENT_SERVER_FINISHED_START
1531728892022566, 52, CLIENT_SERVER_FINISHED_END
1531728892022566, 53, CLIENT_SERVER_EXTENDED_FINISHED_START
1531728892023696, 54, CLIENT_SERVER_EXTENDED_FINISHED_END
1531728891999894, 60, CLIENT_CLIENT_HELLO_1S
1531728891999905, 61, CLIENT_CLIENT_HELLO_1E
1531728892003200, 100, CLIENT_SERVER_HELLO_1S
1531728892003368, 101, CLIENT_SERVER_HELLO_1E
1531728892003395, 102, CLIENT_SERVER_HELLO_2S
1531728892003403, 103, CLIENT_SERVER_HELLO_2E
1531728892003430, 104, CLIENT_SERVER_HELLO_3S
1531728892003470, 105, CLIENT_SERVER_HELLO_3E
1531728892004265, 146, CLIENT_GENERATE_ACCOUNTABILITY_KEYS_START
1531728892006639, 147, CLIENT_GENERATE_ACCOUNTABILITY_KEYS_END
1531729015109488, 0, CLIENT_HANDSHAKE_START
1531729015130809, 1, CLIENT_HANDSHAKE_END
1531729015112666, 2, CLIENT_CERT_VALIDATION_START
1531729015113209, 3, CLIENT_CERT_VALIDATION_END
1531729015130830, 4, CLIENT_FETCH_HTML_START
1531729015133485, 5, CLIENT_FETCH_HTML_END
1531729015129920, 6, CLIENT_EXTENDED_FINISHED_START
1531729015130775, 7, CLIENT_EXTENDED_FINISHED_END
1531729015107791, 8, CLIENT_TCP_CONNECT_START
1531729015107907, 9, CLIENT_TCP_CONNECT_END
1531729015132274, 10, CLIENT_MODIFICATION_RECORD_START
1531729015133475, 11, CLIENT_MODIFICATION_RECORD_END
1531729015109505, 30, CLIENT_CONNECT_START
1531729015109571, 31, CLIENT_CLIENT_HELLO_START
1531729015109695, 32, CLIENT_CLIENT_HELLO_END
1531729015109730, 33, CLIENT_SERVER_HELLO_START
1531729015112656, 34, CLIENT_SERVER_HELLO_END
1531729015112666, 35, CLIENT_SERVER_CERTIFICATE_START
1531729015113216, 36, CLIENT_SERVER_CERTIFICATE_END
1531729015113273, 39, CLIENT_SERVER_HELLO_DONE_START
1531729015113273, 40, CLIENT_SERVER_HELLO_DONE_END
1531729015115612, 41, CLIENT_CLIENT_KEY_EXCHANGE_START
1531729015116130, 42, CLIENT_CLIENT_KEY_EXCHANGE_END
1531729015116053, 43, CLIENT_CLIENT_CCS_START
1531729015116140, 45, CLIENT_CLIENT_FINISHED_START
1531729015116292, 46, CLIENT_CLIENT_FINISHED_END
1531729015129809, 51, CLIENT_SERVER_FINISHED_START
1531729015129919, 52, CLIENT_SERVER_FINISHED_END
1531729015129920, 53, CLIENT_SERVER_EXTENDED_FINISHED_START
1531729015130788, 54, CLIENT_SERVER_EXTENDED_FINISHED_END
1531729015109601, 60, CLIENT_CLIENT_HELLO_1S
1531729015109617, 61, CLIENT_CLIENT_HELLO_1E
1531729015112560, 100, CLIENT_SERVER_HELLO_1S
1531729015112593, 101, CLIENT_SERVER_HELLO_1E
1531729015112600, 102, CLIENT_SERVER_HELLO_2S
1531729015112608, 103, CLIENT_SERVER_HELLO_2E
1531729015112614, 104, CLIENT_SERVER_HELLO_3S
1531729015112624, 105, CLIENT_SERVER_HELLO_3E
1531729015113279, 146, CLIENT_GENERATE_ACCOUNTABILITY_KEYS_START
1531729015115600, 147, CLIENT_GENERATE_ACCOUNTABILITY_KEYS_END
1531729109454274, 0, CLIENT_HANDSHAKE_START
1531729109470394, 1, CLIENT_HANDSHAKE_END
1531729109456690, 2, CLIENT_CERT_VALIDATION_START
1531729109457168, 3, CLIENT_CERT_VALIDATION_END
1531729109470416, 4, CLIENT_FETCH_HTML_START
1531729109472037, 5, CLIENT_FETCH_HTML_END
1531729109469749, 6, CLIENT_EXTENDED_FINISHED_START
1531729109470374, 7, CLIENT_EXTENDED_FINISHED_END
1531729109453085, 8, CLIENT_TCP_CONNECT_START
1531729109453174, 9, CLIENT_TCP_CONNECT_END
1531729109471470, 10, CLIENT_MODIFICATION_RECORD_START
1531729109472032, 11, CLIENT_MODIFICATION_RECORD_END
1531729109454283, 30, CLIENT_CONNECT_START
1531729109454325, 31, CLIENT_CLIENT_HELLO_START
1531729109454412, 32, CLIENT_CLIENT_HELLO_END
1531729109454437, 33, CLIENT_SERVER_HELLO_START
1531729109456684, 34, CLIENT_SERVER_HELLO_END
1531729109456690, 35, CLIENT_SERVER_CERTIFICATE_START
1531729109457182, 36, CLIENT_SERVER_CERTIFICATE_END
1531729109457254, 39, CLIENT_SERVER_HELLO_DONE_START
1531729109457254, 40, CLIENT_SERVER_HELLO_DONE_END
1531729109459210, 41, CLIENT_CLIENT_KEY_EXCHANGE_START
1531729109459505, 42, CLIENT_CLIENT_KEY_EXCHANGE_END
1531729109459439, 43, CLIENT_CLIENT_CCS_START
1531729109459533, 45, CLIENT_CLIENT_FINISHED_START
1531729109459618, 46, CLIENT_CLIENT_FINISHED_END
1531729109469670, 51, CLIENT_SERVER_FINISHED_START
1531729109469749, 52, CLIENT_SERVER_FINISHED_END
1531729109469749, 53, CLIENT_SERVER_EXTENDED_FINISHED_START
1531729109470387, 54, CLIENT_SERVER_EXTENDED_FINISHED_END
1531729109454364, 60, CLIENT_CLIENT_HELLO_1S
1531729109454371, 61, CLIENT_CLIENT_HELLO_1E
1531729109456638, 100, CLIENT_SERVER_HELLO_1S
1531729109456655, 101, CLIENT_SERVER_HELLO_1E
1531729109456659, 102, CLIENT_SERVER_HELLO_2S
1531729109456663, 103, CLIENT_SERVER_HELLO_2E
1531729109456666, 104, CLIENT_SERVER_HELLO_3S
1531729109456673, 105, CLIENT_SERVER_HELLO_3E
1531729109457266, 146, CLIENT_GENERATE_ACCOUNTABILITY_KEYS_START
1531729109459203, 147, CLIENT_GENERATE_ACCOUNTABILITY_KEYS_END
1531730274039222, 0, CLIENT_HANDSHAKE_START
1531730274045126, 1, CLIENT_HANDSHAKE_END
1531730274040307, 2, CLIENT_CERT_VALIDATION_START
1531730274040614, 3, CLIENT_CERT_VALIDATION_END
1531730274045149, 4, CLIENT_FETCH_HTML_START
1531730274045222, 5, CLIENT_FETCH_HTML_END
1531730274039112, 8, CLIENT_TCP_CONNECT_START
1531730274039187, 9, CLIENT_TCP_CONNECT_END
1531730274039230, 30, CLIENT_CONNECT_START
1531730274039270, 31, CLIENT_CLIENT_HELLO_START
1531730274039319, 32, CLIENT_CLIENT_HELLO_END
1531730274039331, 33, CLIENT_SERVER_HELLO_START
1531730274040293, 34, CLIENT_SERVER_HELLO_END
1531730274040307, 35, CLIENT_SERVER_CERTIFICATE_START
1531730274040626, 36, CLIENT_SERVER_CERTIFICATE_END
1531730274040710, 39, CLIENT_SERVER_HELLO_DONE_START
1531730274040710, 40, CLIENT_SERVER_HELLO_DONE_END
1531730274040717, 41, CLIENT_CLIENT_KEY_EXCHANGE_START
1531730274040978, 42, CLIENT_CLIENT_KEY_EXCHANGE_END
1531730274040924, 43, CLIENT_CLIENT_CCS_START
1531730274040984, 45, CLIENT_CLIENT_FINISHED_START
1531730274041067, 46, CLIENT_CLIENT_FINISHED_END
1531730274045068, 51, CLIENT_SERVER_FINISHED_START
1531730274045122, 52, CLIENT_SERVER_FINISHED_END
1531730370241340, 0, CLIENT_HANDSHAKE_START
1531730370247652, 1, CLIENT_HANDSHAKE_END
1531730370242191, 2, CLIENT_CERT_VALIDATION_START
1531730370242488, 3, CLIENT_CERT_VALIDATION_END
1531730370247679, 4, CLIENT_FETCH_HTML_START
1531730370247805, 5, CLIENT_FETCH_HTML_END
1531730370241220, 8, CLIENT_TCP_CONNECT_START
1531730370241303, 9, CLIENT_TCP_CONNECT_END
1531730370241348, 30, CLIENT_CONNECT_START
1531730370241386, 31, CLIENT_CLIENT_HELLO_START
1531730370241433, 32, CLIENT_CLIENT_HELLO_END
1531730370241443, 33, CLIENT_SERVER_HELLO_START
1531730370242179, 34, CLIENT_SERVER_HELLO_END
1531730370242190, 35, CLIENT_SERVER_CERTIFICATE_START
1531730370242495, 36, CLIENT_SERVER_CERTIFICATE_END
1531730370242533, 39, CLIENT_SERVER_HELLO_DONE_START
1531730370242533, 40, CLIENT_SERVER_HELLO_DONE_END
1531730370242537, 41, CLIENT_CLIENT_KEY_EXCHANGE_START
1531730370242789, 42, CLIENT_CLIENT_KEY_EXCHANGE_END
1531730370242739, 43, CLIENT_CLIENT_CCS_START
1531730370242793, 45, CLIENT_CLIENT_FINISHED_START
1531730370242863, 46, CLIENT_CLIENT_FINISHED_END
1531730370247565, 51, CLIENT_SERVER_FINISHED_START
1531730370247645, 52, CLIENT_SERVER_FINISHED_END
1531730377977185, 0, CLIENT_HANDSHAKE_START
1531730377981740, 1, CLIENT_HANDSHAKE_END
1531730377977594, 2, CLIENT_CERT_VALIDATION_START
1531730377977894, 3, CLIENT_CERT_VALIDATION_END
1531730377981769, 4, CLIENT_FETCH_HTML_START
1531730377981989, 5, CLIENT_FETCH_HTML_END
1531730377977062, 8, CLIENT_TCP_CONNECT_START
1531730377977147, 9, CLIENT_TCP_CONNECT_END
1531730377977193, 30, CLIENT_CONNECT_START
1531730377977229, 31, CLIENT_CLIENT_HELLO_START
1531730377977278, 32, CLIENT_CLIENT_HELLO_END
1531730377977287, 33, CLIENT_SERVER_HELLO_START
1531730377977579, 34, CLIENT_SERVER_HELLO_END
1531730377977594, 35, CLIENT_SERVER_CERTIFICATE_START
1531730377977902, 36, CLIENT_SERVER_CERTIFICATE_END
1531730377977946, 39, CLIENT_SERVER_HELLO_DONE_START
1531730377977946, 40, CLIENT_SERVER_HELLO_DONE_END
1531730377977950, 41, CLIENT_CLIENT_KEY_EXCHANGE_START
1531730377978204, 42, CLIENT_CLIENT_KEY_EXCHANGE_END
1531730377978154, 43, CLIENT_CLIENT_CCS_START
1531730377978209, 45, CLIENT_CLIENT_FINISHED_START
1531730377978283, 46, CLIENT_CLIENT_FINISHED_END
1531730377981654, 51, CLIENT_SERVER_FINISHED_START
1531730377981734, 52, CLIENT_SERVER_FINISHED_END
1531730378810126, 0, CLIENT_HANDSHAKE_START
1531730378814396, 1, CLIENT_HANDSHAKE_END
1531730378810503, 2, CLIENT_CERT_VALIDATION_START
1531730378810805, 3, CLIENT_CERT_VALIDATION_END
1531730378814433, 4, CLIENT_FETCH_HTML_START
1531730378814583, 5, CLIENT_FETCH_HTML_END
1531730378810014, 8, CLIENT_TCP_CONNECT_START
1531730378810096, 9, CLIENT_TCP_CONNECT_END
1531730378810133, 30, CLIENT_CONNECT_START
1531730378810169, 31, CLIENT_CLIENT_HELLO_START
1531730378810218, 32, CLIENT_CLIENT_HELLO_END
1531730378810227, 33, CLIENT_SERVER_HELLO_START
1531730378810476, 34, CLIENT_SERVER_HELLO_END
1531730378810502, 35, CLIENT_SERVER_CERTIFICATE_START
1531730378810816, 36, CLIENT_SERVER_CERTIFICATE_END
1531730378810855, 39, CLIENT_SERVER_HELLO_DONE_START
1531730378810855, 40, CLIENT_SERVER_HELLO_DONE_END
1531730378810862, 41, CLIENT_CLIENT_KEY_EXCHANGE_START
1531730378811143, 42, CLIENT_CLIENT_KEY_EXCHANGE_END
1531730378811093, 43, CLIENT_CLIENT_CCS_START
1531730378811149, 45, CLIENT_CLIENT_FINISHED_START
1531730378811233, 46, CLIENT_CLIENT_FINISHED_END
1531730378814321, 51, CLIENT_SERVER_FINISHED_START
1531730378814391, 52, CLIENT_SERVER_FINISHED_END
1531730379518365, 0, CLIENT_HANDSHAKE_START
1531730379525994, 1, CLIENT_HANDSHAKE_END
1531730379518975, 2, CLIENT_CERT_VALIDATION_START
1531730379519435, 3, CLIENT_CERT_VALIDATION_END
1531730379526092, 4, CLIENT_FETCH_HTML_START
1531730379526423, 5, CLIENT_FETCH_HTML_END
1531730379518205, 8, CLIENT_TCP_CONNECT_START
1531730379518315, 9, CLIENT_TCP_CONNECT_END
1531730379518377, 30, CLIENT_CONNECT_START
1531730379518431, 31, CLIENT_CLIENT_HELLO_START
1531730379518502, 32, CLIENT_CLIENT_HELLO_END
1531730379518514, 33, CLIENT_SERVER_HELLO_START
1531730379518957, 34, CLIENT_SERVER_HELLO_END
1531730379518975, 35, CLIENT_SERVER_CERTIFICATE_START
1531730379519748, 36, CLIENT_SERVER_CERTIFICATE_END
1531730379519821, 39, CLIENT_SERVER_HELLO_DONE_START
1531730379519821, 40, CLIENT_SERVER_HELLO_DONE_END
1531730379519852, 41, CLIENT_CLIENT_KEY_EXCHANGE_START
1531730379520242, 42, CLIENT_CLIENT_KEY_EXCHANGE_END
1531730379520166, 43, CLIENT_CLIENT_CCS_START
1531730379520251, 45, CLIENT_CLIENT_FINISHED_START
1531730379520418, 46, CLIENT_CLIENT_FINISHED_END
1531730379525876, 51, CLIENT_SERVER_FINISHED_START
1531730379525985, 52, CLIENT_SERVER_FINISHED_END
1531730380202804, 0, CLIENT_HANDSHAKE_START
1531730380208463, 1, CLIENT_HANDSHAKE_END
1531730380203348, 2, CLIENT_CERT_VALIDATION_START
1531730380203857, 3, CLIENT_CERT_VALIDATION_END
1531730380208502, 4, CLIENT_FETCH_HTML_START
1531730380208730, 5, CLIENT_FETCH_HTML_END
1531730380202662, 8, CLIENT_TCP_CONNECT_START
1531730380202762, 9, CLIENT_TCP_CONNECT_END
1531730380202814, 30, CLIENT_CONNECT_START
1531730380202857, 31, CLIENT_CLIENT_HELLO_START
1531730380202916, 32, CLIENT_CLIENT_HELLO_END
1531730380202929, 33, CLIENT_SERVER_HELLO_START
1531730380203310, 34, CLIENT_SERVER_HELLO_END
1531730380203348, 35, CLIENT_SERVER_CERTIFICATE_START
1531730380203886, 36, CLIENT_SERVER_CERTIFICATE_END
1531730380203963, 39, CLIENT_SERVER_HELLO_DONE_START
1531730380203963, 40, CLIENT_SERVER_HELLO_DONE_END
1531730380203977, 41, CLIENT_CLIENT_KEY_EXCHANGE_START
1531730380204305, 42, CLIENT_CLIENT_KEY_EXCHANGE_END
1531730380204244, 43, CLIENT_CLIENT_CCS_START
1531730380204320, 45, CLIENT_CLIENT_FINISHED_START
1531730380204490, 46, CLIENT_CLIENT_FINISHED_END
1531730380208351, 51, CLIENT_SERVER_FINISHED_START
1531730380208455, 52, CLIENT_SERVER_FINISHED_END
1531730380941461, 0, CLIENT_HANDSHAKE_START
1531730380948197, 1, CLIENT_HANDSHAKE_END
1531730380941936, 2, CLIENT_CERT_VALIDATION_START
1531730380942487, 3, CLIENT_CERT_VALIDATION_END
1531730380948229, 4, CLIENT_FETCH_HTML_START
1531730380948528, 5, CLIENT_FETCH_HTML_END
1531730380941217, 8, CLIENT_TCP_CONNECT_START
1531730380941327, 9, CLIENT_TCP_CONNECT_END
1531730380941473, 30, CLIENT_CONNECT_START
1531730380941532, 31, CLIENT_CLIENT_HELLO_START
1531730380941606, 32, CLIENT_CLIENT_HELLO_END
1531730380941639, 33, CLIENT_SERVER_HELLO_START
1531730380941916, 34, CLIENT_SERVER_HELLO_END
1531730380941936, 35, CLIENT_SERVER_CERTIFICATE_START
1531730380942504, 36, CLIENT_SERVER_CERTIFICATE_END
1531730380942566, 39, CLIENT_SERVER_HELLO_DONE_START
1531730380942567, 40, CLIENT_SERVER_HELLO_DONE_END
1531730380942575, 41, CLIENT_CLIENT_KEY_EXCHANGE_START
1531730380943105, 42, CLIENT_CLIENT_KEY_EXCHANGE_END
1531730380942969, 43, CLIENT_CLIENT_CCS_START
1531730380943117, 45, CLIENT_CLIENT_FINISHED_START
1531730380943274, 46, CLIENT_CLIENT_FINISHED_END
1531730380948084, 51, CLIENT_SERVER_FINISHED_START
1531730380948189, 52, CLIENT_SERVER_FINISHED_END
1531730381577791, 0, CLIENT_HANDSHAKE_START
1531730381584716, 1, CLIENT_HANDSHAKE_END
1531730381578368, 2, CLIENT_CERT_VALIDATION_START
1531730381578808, 3, CLIENT_CERT_VALIDATION_END
1531730381584744, 4, CLIENT_FETCH_HTML_START
1531730381584979, 5, CLIENT_FETCH_HTML_END
1531730381577617, 8, CLIENT_TCP_CONNECT_START
1531730381577733, 9, CLIENT_TCP_CONNECT_END
1531730381577803, 30, CLIENT_CONNECT_START
1531730381577880, 31, CLIENT_CLIENT_HELLO_START
1531730381577965, 32, CLIENT_CLIENT_HELLO_END
1531730381577981, 33, CLIENT_SERVER_HELLO_START
1531730381578349, 34, CLIENT_SERVER_HELLO_END
1531730381578367, 35, CLIENT_SERVER_CERTIFICATE_START
1531730381578825, 36, CLIENT_SERVER_CERTIFICATE_END
1531730381578923, 39, CLIENT_SERVER_HELLO_DONE_START
1531730381578923, 40, CLIENT_SERVER_HELLO_DONE_END
1531730381578943, 41, CLIENT_CLIENT_KEY_EXCHANGE_START
1531730381579361, 42, CLIENT_CLIENT_KEY_EXCHANGE_END
1531730381579287, 43, CLIENT_CLIENT_CCS_START
1531730381579393, 45, CLIENT_CLIENT_FINISHED_START
1531730381579552, 46, CLIENT_CLIENT_FINISHED_END
1531730381584555, 51, CLIENT_SERVER_FINISHED_START
1531730381584698, 52, CLIENT_SERVER_FINISHED_END
1531730382261314, 0, CLIENT_HANDSHAKE_START
1531730382268512, 1, CLIENT_HANDSHAKE_END
1531730382262207, 2, CLIENT_CERT_VALIDATION_START
1531730382262650, 3, CLIENT_CERT_VALIDATION_END
1531730382268577, 4, CLIENT_FETCH_HTML_START
1531730382268783, 5, CLIENT_FETCH_HTML_END
1531730382261107, 8, CLIENT_TCP_CONNECT_START
1531730382261237, 9, CLIENT_TCP_CONNECT_END
1531730382261327, 30, CLIENT_CONNECT_START
1531730382261388, 31, CLIENT_CLIENT_HELLO_START
1531730382261474, 32, CLIENT_CLIENT_HELLO_END
1531730382261485, 33, CLIENT_SERVER_HELLO_START
1531730382262170, 34, CLIENT_SERVER_HELLO_END
1531730382262207, 35, CLIENT_SERVER_CERTIFICATE_START
1531730382262688, 36, CLIENT_SERVER_CERTIFICATE_END
1531730382262753, 39, CLIENT_SERVER_HELLO_DONE_START
1531730382262754, 40, CLIENT_SERVER_HELLO_DONE_END
1531730382262763, 41, CLIENT_CLIENT_KEY_EXCHANGE_START
1531730382263196, 42, CLIENT_CLIENT_KEY_EXCHANGE_END
1531730382263121, 43, CLIENT_CLIENT_CCS_START
1531730382263217, 45, CLIENT_CLIENT_FINISHED_START
1531730382263613, 46, CLIENT_CLIENT_FINISHED_END
1531730382268328, 51, CLIENT_SERVER_FINISHED_START
1531730382268504, 52, CLIENT_SERVER_FINISHED_END
1531730382936619, 0, CLIENT_HANDSHAKE_START
1531730382942239, 1, CLIENT_HANDSHAKE_END
1531730382937013, 2, CLIENT_CERT_VALIDATION_START
1531730382937324, 3, CLIENT_CERT_VALIDATION_END
1531730382942274, 4, CLIENT_FETCH_HTML_START
1531730382942449, 5, CLIENT_FETCH_HTML_END
1531730382936515, 8, CLIENT_TCP_CONNECT_START
1531730382936584, 9, CLIENT_TCP_CONNECT_END
1531730382936628, 30, CLIENT_CONNECT_START
1531730382936666, 31, CLIENT_CLIENT_HELLO_START
1531730382936716, 32, CLIENT_CLIENT_HELLO_END
1531730382936723, 33, CLIENT_SERVER_HELLO_START
1531730382936984, 34, CLIENT_SERVER_HELLO_END
1531730382937012, 35, CLIENT_SERVER_CERTIFICATE_START
1531730382937335, 36, CLIENT_SERVER_CERTIFICATE_END
1531730382937374, 39, CLIENT_SERVER_HELLO_DONE_START
1531730382937374, 40, CLIENT_SERVER_HELLO_DONE_END
1531730382937380, 41, CLIENT_CLIENT_KEY_EXCHANGE_START
1531730382937644, 42, CLIENT_CLIENT_KEY_EXCHANGE_END
1531730382937586, 43, CLIENT_CLIENT_CCS_START
1531730382937650, 45, CLIENT_CLIENT_FINISHED_START
1531730382938016, 46, CLIENT_CLIENT_FINISHED_END
1531730382942157, 51, CLIENT_SERVER_FINISHED_START
1531730382942232, 52, CLIENT_SERVER_FINISHED_END
1531730610864234, 0, CLIENT_HANDSHAKE_START
1531730610873752, 1, CLIENT_HANDSHAKE_END
1531730610865478, 2, CLIENT_CERT_VALIDATION_START
1531730610865921, 3, CLIENT_CERT_VALIDATION_END
1531730610873794, 4, CLIENT_FETCH_HTML_START
1531730610873983, 5, CLIENT_FETCH_HTML_END
1531730610864074, 8, CLIENT_TCP_CONNECT_START
1531730610864182, 9, CLIENT_TCP_CONNECT_END
1531730610864248, 30, CLIENT_CONNECT_START
1531730610864300, 31, CLIENT_CLIENT_HELLO_START
1531730610864371, 32, CLIENT_CLIENT_HELLO_END
1531730610864389, 33, CLIENT_SERVER_HELLO_START
1531730610865457, 34, CLIENT_SERVER_HELLO_END
1531730610865478, 35, CLIENT_SERVER_CERTIFICATE_START
1531730610865937, 36, CLIENT_SERVER_CERTIFICATE_END
1531730610865994, 39, CLIENT_SERVER_HELLO_DONE_START
1531730610865994, 40, CLIENT_SERVER_HELLO_DONE_END
1531730610866001, 41, CLIENT_CLIENT_KEY_EXCHANGE_START
1531730610866387, 42, CLIENT_CLIENT_KEY_EXCHANGE_END
1531730610866313, 43, CLIENT_CLIENT_CCS_START
1531730610866395, 45, CLIENT_CLIENT_FINISHED_START
1531730610866434, 46, CLIENT_CLIENT_FINISHED_END
1531730610873634, 51, CLIENT_SERVER_FINISHED_START
1531730610873743, 52, CLIENT_SERVER_FINISHED_END
