1533274676630403, 4, CLIENT_FETCH_HTML_START
1533274676706535, 5, CLIENT_FETCH_HTML_END
1533274676629558, 8, CLIENT_TCP_CONNECT_START
1533274676630354, 9, CLIENT_TCP_CONNECT_END
1533274677219343, 4, CLIENT_FETCH_HTML_START
1533274677295376, 5, CLIENT_FETCH_HTML_END
1533274677215534, 8, CLIENT_TCP_CONNECT_START
1533274677219293, 9, CLIENT_TCP_CONNECT_END
1533274677805204, 4, CLIENT_FETCH_HTML_START
1533274677876708, 5, CLIENT_FETCH_HTML_END
1533274677804298, 8, CLIENT_TCP_CONNECT_START
1533274677805151, 9, CLIENT_TCP_CONNECT_END
1533274678386512, 4, CLIENT_FETCH_HTML_START
1533274678458909, 5, CLIENT_FETCH_HTML_END
1533274678385667, 8, CLIENT_TCP_CONNECT_START
1533274678386464, 9, CLIENT_TCP_CONNECT_END
1533274678969367, 4, CLIENT_FETCH_HTML_START
1533274679042931, 5, CLIENT_FETCH_HTML_END
1533274678967803, 8, CLIENT_TCP_CONNECT_START
1533274678969318, 9, CLIENT_TCP_CONNECT_END
1533274679552728, 4, CLIENT_FETCH_HTML_START
1533274679624540, 5, CLIENT_FETCH_HTML_END
1533274679551904, 8, CLIENT_TCP_CONNECT_START
1533274679552684, 9, CLIENT_TCP_CONNECT_END
1533274680131292, 4, CLIENT_FETCH_HTML_START
1533274680202291, 5, CLIENT_FETCH_HTML_END
1533274680130494, 8, CLIENT_TCP_CONNECT_START
1533274680131268, 9, CLIENT_TCP_CONNECT_END
1533274680710286, 4, CLIENT_FETCH_HTML_START
1533274680785726, 5, CLIENT_FETCH_HTML_END
1533274680709461, 8, CLIENT_TCP_CONNECT_START
1533274680710237, 9, CLIENT_TCP_CONNECT_END
1533274681295546, 4, CLIENT_FETCH_HTML_START
1533274681375979, 5, CLIENT_FETCH_HTML_END
1533274681294652, 8, CLIENT_TCP_CONNECT_START
1533274681295503, 9, CLIENT_TCP_CONNECT_END
1533274681885833, 4, CLIENT_FETCH_HTML_START
1533274681958393, 5, CLIENT_FETCH_HTML_END
1533274681884978, 8, CLIENT_TCP_CONNECT_START
1533274681885784, 9, CLIENT_TCP_CONNECT_END
1533274682468169, 4, CLIENT_FETCH_HTML_START
1533274682543376, 5, CLIENT_FETCH_HTML_END
1533274682467338, 8, CLIENT_TCP_CONNECT_START
1533274682468121, 9, CLIENT_TCP_CONNECT_END
1533274683053200, 4, CLIENT_FETCH_HTML_START
1533274683131281, 5, CLIENT_FETCH_HTML_END
1533274683052342, 8, CLIENT_TCP_CONNECT_START
1533274683053150, 9, CLIENT_TCP_CONNECT_END
1533274683641036, 4, CLIENT_FETCH_HTML_START
1533274683714221, 5, CLIENT_FETCH_HTML_END
1533274683640152, 8, CLIENT_TCP_CONNECT_START
1533274683640988, 9, CLIENT_TCP_CONNECT_END
1533274684223913, 4, CLIENT_FETCH_HTML_START
1533274684295159, 5, CLIENT_FETCH_HTML_END
1533274684223088, 8, CLIENT_TCP_CONNECT_START
1533274684223870, 9, CLIENT_TCP_CONNECT_END
1533274684804901, 4, CLIENT_FETCH_HTML_START
1533274684878240, 5, CLIENT_FETCH_HTML_END
1533274684804027, 8, CLIENT_TCP_CONNECT_START
1533274684804856, 9, CLIENT_TCP_CONNECT_END
1533274685387962, 4, CLIENT_FETCH_HTML_START
1533274685462371, 5, CLIENT_FETCH_HTML_END
1533274685387072, 8, CLIENT_TCP_CONNECT_START
1533274685387910, 9, CLIENT_TCP_CONNECT_END
1533274685972137, 4, CLIENT_FETCH_HTML_START
1533274686046247, 5, CLIENT_FETCH_HTML_END
1533274685971257, 8, CLIENT_TCP_CONNECT_START
1533274685972087, 9, CLIENT_TCP_CONNECT_END
1533274686556035, 4, CLIENT_FETCH_HTML_START
1533274686633148, 5, CLIENT_FETCH_HTML_END
1533274686555128, 8, CLIENT_TCP_CONNECT_START
1533274686555986, 9, CLIENT_TCP_CONNECT_END
1533274687143054, 4, CLIENT_FETCH_HTML_START
1533274687221573, 5, CLIENT_FETCH_HTML_END
1533274687142151, 8, CLIENT_TCP_CONNECT_START
1533274687143004, 9, CLIENT_TCP_CONNECT_END
1533274687731250, 4, CLIENT_FETCH_HTML_START
1533274687802046, 5, CLIENT_FETCH_HTML_END
1533274687730391, 8, CLIENT_TCP_CONNECT_START
1533274687731200, 9, CLIENT_TCP_CONNECT_END
1533274688311903, 4, CLIENT_FETCH_HTML_START
1533274688384272, 5, CLIENT_FETCH_HTML_END
1533274688311091, 8, CLIENT_TCP_CONNECT_START
1533274688311855, 9, CLIENT_TCP_CONNECT_END
1533274688894022, 4, CLIENT_FETCH_HTML_START
1533274688968139, 5, CLIENT_FETCH_HTML_END
1533274688893162, 8, CLIENT_TCP_CONNECT_START
1533274688893972, 9, CLIENT_TCP_CONNECT_END
1533274689478030, 4, CLIENT_FETCH_HTML_START
1533274689554339, 5, CLIENT_FETCH_HTML_END
1533274689477137, 8, CLIENT_TCP_CONNECT_START
1533274689477980, 9, CLIENT_TCP_CONNECT_END
1533274690065116, 4, CLIENT_FETCH_HTML_START
1533274690142088, 5, CLIENT_FETCH_HTML_END
1533274690063201, 8, CLIENT_TCP_CONNECT_START
1533274690065040, 9, CLIENT_TCP_CONNECT_END
1533274690651765, 4, CLIENT_FETCH_HTML_START
1533274690724989, 5, CLIENT_FETCH_HTML_END
1533274690650954, 8, CLIENT_TCP_CONNECT_START
1533274690651722, 9, CLIENT_TCP_CONNECT_END
1533274691234841, 4, CLIENT_FETCH_HTML_START
1533274691306137, 5, CLIENT_FETCH_HTML_END
1533274691233954, 8, CLIENT_TCP_CONNECT_START
1533274691234799, 9, CLIENT_TCP_CONNECT_END
1533274691815897, 4, CLIENT_FETCH_HTML_START
1533274691889825, 5, CLIENT_FETCH_HTML_END
1533274691815078, 8, CLIENT_TCP_CONNECT_START
1533274691815854, 9, CLIENT_TCP_CONNECT_END
1533274692399539, 4, CLIENT_FETCH_HTML_START
1533274692474372, 5, CLIENT_FETCH_HTML_END
1533274692398706, 8, CLIENT_TCP_CONNECT_START
1533274692399497, 9, CLIENT_TCP_CONNECT_END
1533274692984200, 4, CLIENT_FETCH_HTML_START
1533274693057089, 5, CLIENT_FETCH_HTML_END
1533274692983340, 8, CLIENT_TCP_CONNECT_START
1533274692984158, 9, CLIENT_TCP_CONNECT_END
1533274693566897, 4, CLIENT_FETCH_HTML_START
1533274693641741, 5, CLIENT_FETCH_HTML_END
1533274693565971, 8, CLIENT_TCP_CONNECT_START
1533274693566847, 9, CLIENT_TCP_CONNECT_END
1533274694151428, 4, CLIENT_FETCH_HTML_START
1533274694223092, 5, CLIENT_FETCH_HTML_END
1533274694150566, 8, CLIENT_TCP_CONNECT_START
1533274694151386, 9, CLIENT_TCP_CONNECT_END
1533274694732992, 4, CLIENT_FETCH_HTML_START
1533274694805339, 5, CLIENT_FETCH_HTML_END
1533274694732146, 8, CLIENT_TCP_CONNECT_START
1533274694732939, 9, CLIENT_TCP_CONNECT_END
1533274695315055, 4, CLIENT_FETCH_HTML_START
1533274695388538, 5, CLIENT_FETCH_HTML_END
1533274695314205, 8, CLIENT_TCP_CONNECT_START
1533274695315007, 9, CLIENT_TCP_CONNECT_END
1533274695898252, 4, CLIENT_FETCH_HTML_START
1533274695984769, 5, CLIENT_FETCH_HTML_END
1533274695897381, 8, CLIENT_TCP_CONNECT_START
1533274695898207, 9, CLIENT_TCP_CONNECT_END
1533274696494545, 4, CLIENT_FETCH_HTML_START
1533274696566691, 5, CLIENT_FETCH_HTML_END
1533274696493696, 8, CLIENT_TCP_CONNECT_START
1533274696494497, 9, CLIENT_TCP_CONNECT_END
1533274697076504, 4, CLIENT_FETCH_HTML_START
1533274697150394, 5, CLIENT_FETCH_HTML_END
1533274697075673, 8, CLIENT_TCP_CONNECT_START
1533274697076462, 9, CLIENT_TCP_CONNECT_END
1533274697660096, 4, CLIENT_FETCH_HTML_START
1533274697733317, 5, CLIENT_FETCH_HTML_END
1533274697659258, 8, CLIENT_TCP_CONNECT_START
1533274697660047, 9, CLIENT_TCP_CONNECT_END
1533274698243059, 4, CLIENT_FETCH_HTML_START
1533274698314368, 5, CLIENT_FETCH_HTML_END
1533274698242223, 8, CLIENT_TCP_CONNECT_START
1533274698243009, 9, CLIENT_TCP_CONNECT_END
1533274698824136, 4, CLIENT_FETCH_HTML_START
1533274698897490, 5, CLIENT_FETCH_HTML_END
1533274698823261, 8, CLIENT_TCP_CONNECT_START
1533274698824086, 9, CLIENT_TCP_CONNECT_END
1533274699407219, 4, CLIENT_FETCH_HTML_START
1533274699481879, 5, CLIENT_FETCH_HTML_END
1533274699406349, 8, CLIENT_TCP_CONNECT_START
1533274699407169, 9, CLIENT_TCP_CONNECT_END
1533274699991695, 4, CLIENT_FETCH_HTML_START
1533274700064209, 5, CLIENT_FETCH_HTML_END
1533274699990785, 8, CLIENT_TCP_CONNECT_START
1533274699991654, 9, CLIENT_TCP_CONNECT_END
1533274700574098, 4, CLIENT_FETCH_HTML_START
1533274700648468, 5, CLIENT_FETCH_HTML_END
1533274700573204, 8, CLIENT_TCP_CONNECT_START
1533274700574047, 9, CLIENT_TCP_CONNECT_END
1533274701158797, 4, CLIENT_FETCH_HTML_START
1533274701229779, 5, CLIENT_FETCH_HTML_END
1533274701157451, 8, CLIENT_TCP_CONNECT_START
1533274701158746, 9, CLIENT_TCP_CONNECT_END
1533274701739526, 4, CLIENT_FETCH_HTML_START
1533274701813676, 5, CLIENT_FETCH_HTML_END
1533274701738676, 8, CLIENT_TCP_CONNECT_START
1533274701739478, 9, CLIENT_TCP_CONNECT_END
1533274702323383, 4, CLIENT_FETCH_HTML_START
1533274702394899, 5, CLIENT_FETCH_HTML_END
1533274702322566, 8, CLIENT_TCP_CONNECT_START
1533274702323334, 9, CLIENT_TCP_CONNECT_END
1533274702904805, 4, CLIENT_FETCH_HTML_START
1533274702981959, 5, CLIENT_FETCH_HTML_END
1533274702903857, 8, CLIENT_TCP_CONNECT_START
1533274702904756, 9, CLIENT_TCP_CONNECT_END
1533274703491615, 4, CLIENT_FETCH_HTML_START
1533274703566513, 5, CLIENT_FETCH_HTML_END
1533274703490743, 8, CLIENT_TCP_CONNECT_START
1533274703491565, 9, CLIENT_TCP_CONNECT_END
1533274704076224, 4, CLIENT_FETCH_HTML_START
1533274704149467, 5, CLIENT_FETCH_HTML_END
1533274704075366, 8, CLIENT_TCP_CONNECT_START
1533274704076182, 9, CLIENT_TCP_CONNECT_END
1533274704659342, 4, CLIENT_FETCH_HTML_START
1533274704732744, 5, CLIENT_FETCH_HTML_END
1533274704658415, 8, CLIENT_TCP_CONNECT_START
1533274704659291, 9, CLIENT_TCP_CONNECT_END
1533274705243481, 4, CLIENT_FETCH_HTML_START
1533274705318018, 5, CLIENT_FETCH_HTML_END
1533274705241654, 8, CLIENT_TCP_CONNECT_START
1533274705243437, 9, CLIENT_TCP_CONNECT_END
1533274705827806, 4, CLIENT_FETCH_HTML_START
1533274705898742, 5, CLIENT_FETCH_HTML_END
1533274705826915, 8, CLIENT_TCP_CONNECT_START
1533274705827762, 9, CLIENT_TCP_CONNECT_END
1533274706547629, 4, CLIENT_FETCH_HTML_START
1533274706731645, 5, CLIENT_FETCH_HTML_END
1533274706407668, 8, CLIENT_TCP_CONNECT_START
1533274706547572, 9, CLIENT_TCP_CONNECT_END
1533274707241372, 4, CLIENT_FETCH_HTML_START
1533274707315293, 5, CLIENT_FETCH_HTML_END
1533274707240511, 8, CLIENT_TCP_CONNECT_START
1533274707241320, 9, CLIENT_TCP_CONNECT_END
1533274707825168, 4, CLIENT_FETCH_HTML_START
1533274707898592, 5, CLIENT_FETCH_HTML_END
1533274707824239, 8, CLIENT_TCP_CONNECT_START
1533274707825118, 9, CLIENT_TCP_CONNECT_END
1533274708408427, 4, CLIENT_FETCH_HTML_START
1533274708481527, 5, CLIENT_FETCH_HTML_END
1533274708407526, 8, CLIENT_TCP_CONNECT_START
1533274708408381, 9, CLIENT_TCP_CONNECT_END
1533274708991447, 4, CLIENT_FETCH_HTML_START
1533274709065764, 5, CLIENT_FETCH_HTML_END
1533274708990553, 8, CLIENT_TCP_CONNECT_START
1533274708991397, 9, CLIENT_TCP_CONNECT_END
1533274709575579, 4, CLIENT_FETCH_HTML_START
1533274709647165, 5, CLIENT_FETCH_HTML_END
1533274709574703, 8, CLIENT_TCP_CONNECT_START
1533274709575536, 9, CLIENT_TCP_CONNECT_END
1533274710156858, 4, CLIENT_FETCH_HTML_START
1533274710231681, 5, CLIENT_FETCH_HTML_END
1533274710155988, 8, CLIENT_TCP_CONNECT_START
1533274710156806, 9, CLIENT_TCP_CONNECT_END
1533274710741522, 4, CLIENT_FETCH_HTML_START
1533274710814967, 5, CLIENT_FETCH_HTML_END
1533274710740631, 8, CLIENT_TCP_CONNECT_START
1533274710741481, 9, CLIENT_TCP_CONNECT_END
1533274711324835, 4, CLIENT_FETCH_HTML_START
1533274711401515, 5, CLIENT_FETCH_HTML_END
1533274711323937, 8, CLIENT_TCP_CONNECT_START
1533274711324786, 9, CLIENT_TCP_CONNECT_END
1533274711912134, 4, CLIENT_FETCH_HTML_START
1533274711987642, 5, CLIENT_FETCH_HTML_END
1533274711910465, 8, CLIENT_TCP_CONNECT_START
1533274711912084, 9, CLIENT_TCP_CONNECT_END
1533274712497517, 4, CLIENT_FETCH_HTML_START
1533274712571684, 5, CLIENT_FETCH_HTML_END
1533274712496596, 8, CLIENT_TCP_CONNECT_START
1533274712497466, 9, CLIENT_TCP_CONNECT_END
1533274713081620, 4, CLIENT_FETCH_HTML_START
1533274713152710, 5, CLIENT_FETCH_HTML_END
1533274713080639, 8, CLIENT_TCP_CONNECT_START
1533274713081570, 9, CLIENT_TCP_CONNECT_END
1533274713662576, 4, CLIENT_FETCH_HTML_START
1533274713738372, 5, CLIENT_FETCH_HTML_END
1533274713661706, 8, CLIENT_TCP_CONNECT_START
1533274713662532, 9, CLIENT_TCP_CONNECT_END
1533274714248145, 4, CLIENT_FETCH_HTML_START
1533274714320515, 5, CLIENT_FETCH_HTML_END
1533274714247310, 8, CLIENT_TCP_CONNECT_START
1533274714248102, 9, CLIENT_TCP_CONNECT_END
1533274714830312, 4, CLIENT_FETCH_HTML_START
1533274714903832, 5, CLIENT_FETCH_HTML_END
1533274714829482, 8, CLIENT_TCP_CONNECT_START
1533274714830269, 9, CLIENT_TCP_CONNECT_END
1533274715413654, 4, CLIENT_FETCH_HTML_START
1533274715488714, 5, CLIENT_FETCH_HTML_END
1533274715412759, 8, CLIENT_TCP_CONNECT_START
1533274715413609, 9, CLIENT_TCP_CONNECT_END
1533274715998638, 4, CLIENT_FETCH_HTML_START
1533274716069883, 5, CLIENT_FETCH_HTML_END
1533274715997794, 8, CLIENT_TCP_CONNECT_START
1533274715998588, 9, CLIENT_TCP_CONNECT_END
1533274716579576, 4, CLIENT_FETCH_HTML_START
1533274716650694, 5, CLIENT_FETCH_HTML_END
1533274716578736, 8, CLIENT_TCP_CONNECT_START
1533274716579534, 9, CLIENT_TCP_CONNECT_END
1533274717162554, 4, CLIENT_FETCH_HTML_START
1533274717238616, 5, CLIENT_FETCH_HTML_END
1533274717159583, 8, CLIENT_TCP_CONNECT_START
1533274717162501, 9, CLIENT_TCP_CONNECT_END
1533274717748464, 4, CLIENT_FETCH_HTML_START
1533274717821085, 5, CLIENT_FETCH_HTML_END
1533274717747601, 8, CLIENT_TCP_CONNECT_START
1533274717748415, 9, CLIENT_TCP_CONNECT_END
1533274718330804, 4, CLIENT_FETCH_HTML_START
1533274718406730, 5, CLIENT_FETCH_HTML_END
1533274718329949, 8, CLIENT_TCP_CONNECT_START
1533274718330761, 9, CLIENT_TCP_CONNECT_END
1533274718916466, 4, CLIENT_FETCH_HTML_START
1533274718989159, 5, CLIENT_FETCH_HTML_END
1533274718915603, 8, CLIENT_TCP_CONNECT_START
1533274718916423, 9, CLIENT_TCP_CONNECT_END
1533274719498963, 4, CLIENT_FETCH_HTML_START
1533274719574034, 5, CLIENT_FETCH_HTML_END
1533274719498111, 8, CLIENT_TCP_CONNECT_START
1533274719498914, 9, CLIENT_TCP_CONNECT_END
1533274720083761, 4, CLIENT_FETCH_HTML_START
1533274720162743, 5, CLIENT_FETCH_HTML_END
1533274720082921, 8, CLIENT_TCP_CONNECT_START
1533274720083711, 9, CLIENT_TCP_CONNECT_END
1533274720672449, 4, CLIENT_FETCH_HTML_START
1533274720746997, 5, CLIENT_FETCH_HTML_END
1533274720671602, 8, CLIENT_TCP_CONNECT_START
1533274720672405, 9, CLIENT_TCP_CONNECT_END
1533274721256789, 4, CLIENT_FETCH_HTML_START
1533274721332551, 5, CLIENT_FETCH_HTML_END
1533274721255945, 8, CLIENT_TCP_CONNECT_START
1533274721256748, 9, CLIENT_TCP_CONNECT_END
1533274721842425, 4, CLIENT_FETCH_HTML_START
1533274721917361, 5, CLIENT_FETCH_HTML_END
1533274721841561, 8, CLIENT_TCP_CONNECT_START
1533274721842375, 9, CLIENT_TCP_CONNECT_END
1533274722427125, 4, CLIENT_FETCH_HTML_START
1533274722503300, 5, CLIENT_FETCH_HTML_END
1533274722426245, 8, CLIENT_TCP_CONNECT_START
1533274722427084, 9, CLIENT_TCP_CONNECT_END
1533274723014568, 4, CLIENT_FETCH_HTML_START
1533274723088351, 5, CLIENT_FETCH_HTML_END
1533274723012205, 8, CLIENT_TCP_CONNECT_START
1533274723014518, 9, CLIENT_TCP_CONNECT_END
1533274723598257, 4, CLIENT_FETCH_HTML_START
1533274723671850, 5, CLIENT_FETCH_HTML_END
1533274723597330, 8, CLIENT_TCP_CONNECT_START
1533274723598207, 9, CLIENT_TCP_CONNECT_END
1533274724181587, 4, CLIENT_FETCH_HTML_START
1533274724254068, 5, CLIENT_FETCH_HTML_END
1533274724180717, 8, CLIENT_TCP_CONNECT_START
1533274724181537, 9, CLIENT_TCP_CONNECT_END
1533274724763675, 4, CLIENT_FETCH_HTML_START
1533274724838951, 5, CLIENT_FETCH_HTML_END
1533274724762840, 8, CLIENT_TCP_CONNECT_START
1533274724763632, 9, CLIENT_TCP_CONNECT_END
1533274725348741, 4, CLIENT_FETCH_HTML_START
1533274725424911, 5, CLIENT_FETCH_HTML_END
1533274725347874, 8, CLIENT_TCP_CONNECT_START
1533274725348692, 9, CLIENT_TCP_CONNECT_END
1533274725934675, 4, CLIENT_FETCH_HTML_START
1533274726010015, 5, CLIENT_FETCH_HTML_END
1533274725933827, 8, CLIENT_TCP_CONNECT_START
1533274725934632, 9, CLIENT_TCP_CONNECT_END
1533274726519878, 4, CLIENT_FETCH_HTML_START
1533274726594886, 5, CLIENT_FETCH_HTML_END
1533274726519000, 8, CLIENT_TCP_CONNECT_START
1533274726519828, 9, CLIENT_TCP_CONNECT_END
1533274727104669, 4, CLIENT_FETCH_HTML_START
1533274727178638, 5, CLIENT_FETCH_HTML_END
1533274727103810, 8, CLIENT_TCP_CONNECT_START
1533274727104618, 9, CLIENT_TCP_CONNECT_END
1533274727688502, 4, CLIENT_FETCH_HTML_START
1533274727764830, 5, CLIENT_FETCH_HTML_END
1533274727687585, 8, CLIENT_TCP_CONNECT_START
1533274727688459, 9, CLIENT_TCP_CONNECT_END
1533274728274507, 4, CLIENT_FETCH_HTML_START
1533274728347477, 5, CLIENT_FETCH_HTML_END
1533274728273688, 8, CLIENT_TCP_CONNECT_START
1533274728274459, 9, CLIENT_TCP_CONNECT_END
1533274728857244, 4, CLIENT_FETCH_HTML_START
1533274728930356, 5, CLIENT_FETCH_HTML_END
1533274728856375, 8, CLIENT_TCP_CONNECT_START
1533274728857201, 9, CLIENT_TCP_CONNECT_END
1533274729440106, 4, CLIENT_FETCH_HTML_START
1533274729512367, 5, CLIENT_FETCH_HTML_END
1533274729439230, 8, CLIENT_TCP_CONNECT_START
1533274729440064, 9, CLIENT_TCP_CONNECT_END
1533274730022231, 4, CLIENT_FETCH_HTML_START
1533274730096567, 5, CLIENT_FETCH_HTML_END
1533274730021331, 8, CLIENT_TCP_CONNECT_START
1533274730022180, 9, CLIENT_TCP_CONNECT_END
1533274730606237, 4, CLIENT_FETCH_HTML_START
1533274730677613, 5, CLIENT_FETCH_HTML_END
1533274730605363, 8, CLIENT_TCP_CONNECT_START
1533274730606194, 9, CLIENT_TCP_CONNECT_END
1533274731187428, 4, CLIENT_FETCH_HTML_START
1533274731260866, 5, CLIENT_FETCH_HTML_END
1533274731186539, 8, CLIENT_TCP_CONNECT_START
1533274731187386, 9, CLIENT_TCP_CONNECT_END
1533274731770662, 4, CLIENT_FETCH_HTML_START
1533274731846729, 5, CLIENT_FETCH_HTML_END
1533274731769744, 8, CLIENT_TCP_CONNECT_START
1533274731770620, 9, CLIENT_TCP_CONNECT_END
1533274732356456, 4, CLIENT_FETCH_HTML_START
1533274732428561, 5, CLIENT_FETCH_HTML_END
1533274732355598, 8, CLIENT_TCP_CONNECT_START
1533274732356414, 9, CLIENT_TCP_CONNECT_END
1533274732938399, 4, CLIENT_FETCH_HTML_START
1533274733015001, 5, CLIENT_FETCH_HTML_END
1533274732937543, 8, CLIENT_TCP_CONNECT_START
1533274732938351, 9, CLIENT_TCP_CONNECT_END
1533274733524706, 4, CLIENT_FETCH_HTML_START
1533274733597745, 5, CLIENT_FETCH_HTML_END
1533274733523870, 8, CLIENT_TCP_CONNECT_START
1533274733524656, 9, CLIENT_TCP_CONNECT_END
1533274734107449, 4, CLIENT_FETCH_HTML_START
1533274734180089, 5, CLIENT_FETCH_HTML_END
1533274734106609, 8, CLIENT_TCP_CONNECT_START
1533274734107400, 9, CLIENT_TCP_CONNECT_END
1533274734689928, 4, CLIENT_FETCH_HTML_START
1533274734765600, 5, CLIENT_FETCH_HTML_END
1533274734689016, 8, CLIENT_TCP_CONNECT_START
1533274734689884, 9, CLIENT_TCP_CONNECT_END
